date,agent,phase,task,start,end,minutes,branch,commit,notes
2025-12-15,codex-cli,phase-1,extract pages 1-5,2025-12-15T15:15:59Z,2025-12-15T15:24:48Z,9,run/20251215-codex-extraction-pass1,b2107c2,"Added notes for pages 1-5 and seeded indices plus initial clusters."
2025-12-15,codex-cli,phase-1,extract pages 6-10,2025-12-15T15:34:30Z,2025-12-15T15:40:43Z,6,run/20251215-codex-extraction-pass1,8e09a9d,"Added notes for pages 6-10 and updated indices plus new clusters."
2025-12-15,codex-cli,phase-1,extract pages 11-15,2025-12-15T17:27:01Z,2025-12-15T17:34:06Z,7,run/20251215-codex-extraction-pass1,43bae20,"Added notes for pages 11-15 and updated indices plus clusters."
2025-12-15,codex-cli,phase-1,extract pages 16-20,2025-12-15T17:34:46Z,2025-12-15T17:40:27Z,6,run/20251215-codex-extraction-pass1,6594a75,"Added notes for pages 16-20 and updated indices plus clusters."
2025-12-15,codex-cli,phase-1,extract pages 21-25,2025-12-15T17:41:08Z,2025-12-15T17:47:08Z,6,run/20251215-codex-extraction-pass1,17ca280,"Added notes for pages 21-25 and updated indices plus clusters."
2025-12-15,codex-cli,phase-1,extract pages 26-30,2025-12-15T17:48:56Z,2025-12-15T17:57:37Z,9,run/20251215-codex-extraction-pass1,a87cee9,"Added notes for pages 26-30 and updated indices plus clusters."
2025-12-15,codex-cli,phase-1,extract pages 31-35,2025-12-15T17:59:40Z,2025-12-15T18:06:06Z,6,run/20251215-codex-extraction-pass1,795f0ed,"Added notes for pages 31-35 and updated indices plus clusters."
2025-12-15,codex-cli,phase-1,extract pages 36-40,2025-12-15T18:13:32Z,2025-12-15T18:19:38Z,6,run/20251215-codex-extraction-pass1,c9e2ee0,"Added notes for pages 36-40 and updated indices plus clusters."
2025-12-15,codex-cli,phase-1,extract pages 41-45,2025-12-15T18:20:34Z,2025-12-15T18:32:36Z,12,run/20251215-codex-extraction-pass1,f44fad7,"Added notes for pages 41-45 and updated indices plus clusters."
2025-12-15,codex-cli,phase-1,extract pages 46-50,2025-12-15T18:33:46Z,2025-12-15T18:43:38Z,10,run/20251215-codex-extraction-pass1,41da90a,"Added notes for pages 46-50 and updated indices plus clusters."
2025-12-15,codex-cli,phase-1,extract pages 51-55,2025-12-15T18:50:18Z,2025-12-15T18:56:47Z,6,run/20251215-codex-extraction-pass1,12663f7,"Added notes for pages 51-55 and updated indices plus clusters."
2025-12-15,codex-cli,phase-1,extract pages 56-60,2025-12-15T18:57:54Z,2025-12-15T19:05:43Z,8,run/20251215-codex-extraction-pass1,7cbbac1,"Added notes for pages 56-60 and updated indices plus clusters."
2025-12-15,codex-cli,phase-1,extract pages 61-65,2025-12-15T19:39:49Z,2025-12-15T19:54:52Z,15,run/20251215-codex-extraction-pass1,9ce1af5,"Added notes for pages 61-65 and updated indices, clusters, and murder ledgers."
2025-12-15,codex-cli,phase-1,extract pages 66-70,2025-12-15T19:56:48Z,2025-12-15T20:04:42Z,8,run/20251215-codex-extraction-pass1,146f1f6,"Added notes for pages 66-70, updated indices, added a fixed 66→67 sequence, and recorded a new in-world death event."
2025-12-15,codex-cli,phase-1,extract pages 71-75,2025-12-15T20:10:35Z,2025-12-15T20:20:32Z,10,run/20251215-codex-extraction-pass1,b074516,"Added notes for pages 71-75 and updated indices plus clusters, including a fixed 73->74 continuation."
2025-12-15,codex-cli,phase-1,extract pages 76-80,2025-12-15T20:22:14Z,2025-12-15T20:34:31Z,12,run/20251215-codex-extraction-pass1,4f24fb4,"Added notes for pages 76-80, updated indices, and extended murder ledgers (Green; Sir Paul/aconite) plus clustering."
2025-12-15,codex-cli,phase-1,extract pages 81-85,2025-12-15T20:59:25Z,2025-12-15T21:05:05Z,6,run/20251215-codex-extraction-pass1,c3e2fc3,"Added notes for pages 81-85, updated indices and clusters, and logged a new in-world drowning/window victim event."
2025-12-15,codex-cli,phase-1,extract pages 86-90,2025-12-15T21:06:50Z,2025-12-15T21:16:46Z,10,run/20251215-codex-extraction-pass1,27d636e,"Added notes for pages 86-90, updated indices, recorded a CERTAIN 86→87 continuation, and logged a low-confidence death-warrant event."
2025-12-15,codex-cli,phase-1,extract pages 91-95,2025-12-15T21:17:18Z,2025-12-15T21:24:37Z,7,run/20251215-codex-extraction-pass1,a26d663,"Added notes for pages 91-95, updated indices (Black Museum, Café Royal, poem/Yeats quotes), and extended detective/Henry clusters."
2025-12-15,codex-cli,phase-1,extract pages 96-100,2025-12-15T21:25:11Z,2025-12-15T21:35:10Z,10,run/20251215-codex-extraction-pass1,d8b8a84,"Added notes for pages 96-100, updated indices (Scotland Yard/Kursal/Potsdam), added Bunny-and-Perry clustering + Animal POV page 99, and logged new in-world end-segment death signals (E08–E09)."
2025-12-15,codex-cli,phase-2,phase 2 research kickoff,2025-12-15T22:08:28Z,2025-12-15T22:27:04Z,19,run/20251215-codex-extraction-pass1,7c0f385,"Started Phase 2 and resolved key early anchors (Defoe plague quotes; Troilus & Cressida; Aug 18/Bologna)."
2025-12-15,codex-cli,phase-1,backfill cast/confidence (pages 1-60),2025-12-15T22:36:14Z,2025-12-15T22:45:24Z,9,run/20251215-codex-extraction-pass1,9892cf1,"Backfilled murder ledgers from pages 1-60 (Henry victims and early death signals) and reverted the run phase to phase-1."
2025-12-16,codex-cli,phase-2,research anchors (Balzac/Hyacinth + St Lazarus),2025-12-16T08:11:33Z,2025-12-16T08:51:50Z,40,run/20251215-codex-extraction-pass1,f6912fd,"Resolved Balzac and St Hyacinth date anchors and refined the St. Lazarus-in-the-Chine setting clue."
2025-12-16,codex-cli,phase-2,research anchors (p32/p52),2025-12-16T11:00:05Z,2025-12-16T11:17:46Z,18,run/20251215-codex-extraction-pass1,cc189a7,"Resolved Page 32 and Page 52 external-reference anchors and updated research queue plus quotes index."
2025-12-16,codex-cli,phase-2,research date anchors (p54/p55/p60/p67/p88),2025-12-16T11:22:28Z,2025-12-16T11:31:23Z,9,run/20251215-codex-extraction-pass1,d6d17c1,"Resolved five calendar anchors and updated research queue, quotes index, and page notes."
2025-12-16,codex-cli,phase-2,research quote sources (p54/p57/p60),2025-12-16T11:32:43Z,2025-12-16T11:39:20Z,7,run/20251215-codex-extraction-pass1,ba6ff4c,"Identified three quoted sources (Tennyson Maud/A Farewell; Herrick epitaph) and updated queue, quotes, and page notes."
2025-12-16,codex-cli,phase-2,research references (p56/p57/p58),2025-12-16T11:42:20Z,2025-12-16T11:54:36Z,12,run/20251215-codex-extraction-pass1,182feb7,"Resolved Browning Pippa Passes, Armadale Castle dual referent, and Barraclough allusion; updated indices and page notes."
2025-12-16,codex-cli,phase-2,research quote source (p90 Whistler/Wilde),2025-12-16T11:55:43Z,2025-12-16T11:57:51Z,2,run/20251215-codex-extraction-pass1,fad653a,"Confirmed the Whistler/Wilde “You will, Oscar, you will” anecdote source and updated indices plus page notes."
2025-12-16,codex-cli,phase-2,research terms (p48/p88/p89 Tate/distemper/panache),2025-12-16T11:59:06Z,2025-12-16T12:14:44Z,16,run/20251215-codex-extraction-pass1,d3810c5,"Resolved Tate sugar and distemper paint references (p48/p88) and interpreted “panache” (p89); updated page notes, objects index, and research queue."
2025-12-16,codex-cli,phase-2,research quote sources (p86/p87),2025-12-16T12:16:09Z,2025-12-16T12:20:44Z,5,run/20251215-codex-extraction-pass1,856631a,"Identified Whitman (“Song of Myself”) and Yeats (“The Song of Red Hanrahan”) sources for p86–87 quotations and updated notes, quotes index, and research queue."
2025-12-16,codex-cli,phase-2,research allusion source (p90 thousand chariots),2025-12-16T12:21:42Z,2025-12-16T12:24:35Z,3,run/20251215-codex-extraction-pass1,9391876,"Identified Browning “Love Among the Ruins” as the source of the “thousand chariots… gold of course” line and updated notes, quotes index, and research queue."
2025-12-16,codex-cli,phase-2,research allusions (p91/p92),2025-12-16T12:27:37Z,2025-12-16T13:22:52Z,55,run/20251215-codex-extraction-pass1,57fe44c,"Resolved Page 91 name/Blue Rocket/Smiler-with-knife allusions and Page 92 Browning “Saul” quote; updated page notes, indices, and research queue."
2025-12-16,codex-cli,phase-2,research anchors (p93/p94),2025-12-16T13:24:11Z,2025-12-16T13:37:08Z,13,run/20251215-codex-extraction-pass1,7c3d497,"Identified Kipling “The Mary Gloster” stanza (p93) and Yeats “At Galway Races” plus “darbs” slang and St. Leger reference (p94); updated notes, quotes index, and research queue."
2025-12-16,codex-cli,phase-2,research quote sources (p97 Verlaine/Barnes),2025-12-16T13:39:18Z,2025-12-16T13:43:00Z,4,run/20251215-codex-extraction-pass1,cf97ca6,"Identified Verlaine “Sérénade” mandoline lyric and William Barnes “Ellen Brine ov Allenburn” source for p97; updated page notes, quotes index, and research queue."
2025-12-16,codex-cli,phase-2,research allusion sources (p93 Longfellow/EBB),2025-12-16T13:46:36Z,2025-12-16T13:59:14Z,13,run/20251215-codex-extraction-pass1,d006dd2,"Resolved p93 Longfellow “Children” (living poems) and EBB “The Cry of the Children” (cerement) allusions; updated page notes, quotes index, and research queue."
2025-12-16,codex-cli,phase-2,research allusion (p95 Montagu/sandwich),2025-12-16T14:13:10Z,2025-12-16T14:19:12Z,6,run/20251215-codex-extraction-pass1,739c957,"Resolved Page 95 John Montagu gaming-table allusion as the sandwich origin story; updated page notes, objects/motifs index, and research queue."
2025-12-16,codex-cli,phase-2,tidy notes (p95 research-needed list),2025-12-16T14:24:29Z,2025-12-16T14:25:12Z,1,run/20251215-codex-extraction-pass1,c900d04,Removed already-resolved Montagu/gaming-table research-needed bullet from Page 95 notes for consistency.
2025-12-16,codex-cli,phase-2,research term usage (p96 gars me grue),2025-12-16T14:29:07Z,2025-12-16T14:35:39Z,7,run/20251215-codex-extraction-pass1,125c7e6,"Resolved “It gars me grue” as a Scots idiom meaning “it makes me shudder” using Webster 1913 (gar=make) and Chambers 1908 (grue=shudder); updated p96 notes, quotes index, and research queue."
2025-12-16,codex-cli,phase-2,research allusion (p95 Holy Mr Herbert),2025-12-16T14:38:02Z,2025-12-16T14:41:23Z,3,run/20251215-codex-extraction-pass1,042e3de,"Identified “Holy Mr. Herbert” as LIKELY George Herbert (EB1911) / Marjorie Bowen’s “Holy Mr. Herbert” (Harper’s Magazine, May 1910); split remaining Haddock/Meed sub-item in research queue and updated p95 notes, people index, and quotes index."
2025-12-16,codex-cli,phase-2,research allusion (p95 Leda/Hebe swan),2025-12-16T15:01:46Z,2025-12-16T15:03:23Z,2,run/20251215-codex-extraction-pass1,098d7dd,"Resolved p95 Leda/Hebe as mythic wordplay framing inking a Swan fountain pen; updated p95 notes, quotes index, objects/motifs, and research queue."
2025-12-16,codex-cli,phase-2,research term (p96 turning a Somerset),2025-12-16T15:04:20Z,2025-12-16T15:11:49Z,7,run/20251215-codex-extraction-pass1,785bf6b,"Resolved “turning a Somerset” as a variant spelling of “somersault” (Webster 1913); updated p96 notes and quotes index, and split/updated the related research-queue item (leaving Jifjaffa open)."
2025-12-16,codex-cli,phase-2,research reference (p96 Golden Tips),2025-12-16T15:14:48Z,2025-12-16T15:24:00Z,9,run/20251215-codex-extraction-pass1,fd28763,"Resolved p96 “Golden Tips” as tea-leaf tips (“the essence of the leaf”) using Henry W. Cave (1905), and split the remaining Loganberry Kiss/Plover’s Lunch menu research into its own open queue item; updated p96 notes, quotes index, and research queue."
2025-12-16,codex-cli,phase-2,research allusions/menu terms (p95/p96),2025-12-16T15:28:56Z,2025-12-16T15:51:34Z,23,run/20251215-codex-extraction-pass1,b19136b,"Clarified p95 “Holy Mr. Herbert” via Walton’s Complete Angler and advanced p96 Loganberry Kiss/Plover’s Lunch grounding; updated page notes and relevant indexes and marked related research-queue items in-progress."
2025-12-16,codex-cli,phase-2,research references (p91/p92/p96),2025-12-16T16:08:34Z,2025-12-16T16:51:07Z,43,run/20251215-codex-extraction-pass1,95074ba,"Resolved p96 Jifjaffa as Jifjafa (Sinai Range) via Gullett (1923) and traced p91 “see any green” / p92 “caddis-hoard” to period sources; updated page notes, places index, quotes index, and research queue."
2025-12-16,codex-cli,phase-2,research quotes/publisher (p1/p3),2025-12-16T16:58:19Z,2025-12-16T17:47:03Z,49,run/20251215-codex-extraction-pass1,97bfd67,"Resolved p1 whaups quote as Stevenson and p3 Whitman quotations; identified Hodder & Stoughton as the implied publisher; updated page notes, quotes index, and research queue."
2025-12-16,codex-cli,phase-2,research queue (p23/p24/p68),2025-12-16T21:01:21Z,2025-12-16T21:17:57Z,17,run/20251215-codex-extraction-pass1,40ec231,"Resolved Masefield “Captain Stratton’s Fancy” rum quote (p23–p24) and identified Latham chapel as Selby Abbey (p68); updated relevant indexes and closed queue items."
2025-12-16,codex-cli,phase-2,research queue (p8/p19 Mr. Hall bell),2025-12-16T21:22:31Z,2025-12-16T21:32:10Z,10,run/20251215-codex-extraction-pass1,ebd8b54,"Identified the Page 8/Page 19 knob as a service call-bell and Mr. Hall as the summoned servant; updated notes and indices and closed the queue item."
2025-12-16,codex-cli,phase-2,research queue (p19 Wotton/Falkland),2025-12-16T21:35:45Z,2025-12-16T21:45:20Z,10,run/20251215-codex-extraction-pass1,2a7f849,"Identified the Page 19 queen quotation as Wotton’s “You meaner Beauties of the Night” (Queen of Bohemia) and grounded Falkland as Elizabeth Stuart’s birthplace; updated indexes and closed the queue item."
2025-12-16,codex-cli,phase-2,research queue (p22 De Witt),2025-12-16T22:01:06Z,2025-12-16T22:08:15Z,7,run/20251215-codex-extraction-pass1,500b3c6,"Resolved Page 22 De Witt allusion (John/Cornelius de Witt) and recorded the likely date anchor (24 Sept 1625) in notes and indexes."
2025-12-16,codex-cli,phase-2,research queue (p21 digitalis/Calabar),2025-12-16T22:11:32Z,2025-12-16T22:16:32Z,5,run/20251215-codex-extraction-pass1,f6d0bea,"Resolved Page 21 digitalis/Calabar bean terms via EB1911 and updated page notes, objects/motifs index, and research queue."
2025-12-16,codex-cli,phase-2,research correction (p22 Cornelius birthday),2025-12-16T22:22:46Z,2025-12-16T22:30:19Z,8,run/20251215-codex-extraction-pass1,b6e6314,"Updated p22 De Witt birthday interpretation to Cornelius (imprisoned brother) and cited a ≤1934 source for Cornelius’s birthdate; updated notes, places, and research queue."
2025-12-17,codex-cli,phase-2,research queue (p20 oldest brass),2025-12-17T09:32:45Z,2025-12-17T09:38:13Z,5,run/20251215-codex-extraction-pass1,841eb2a,"Identified Page 20\x27s “oldest brass in England” inscription as Sir John d’Aubernoun at Stoke d’Abernon church (Surrey) and updated notes, places, objects/motifs, and the research queue."
2025-12-17,codex-cli,phase-2,research queue (p20 epitaph),2025-12-17T09:39:07Z,2025-12-17T09:41:02Z,2,run/20251215-codex-extraction-pass1,35f6691,"Identified Page 20\x27s “Underneath this stone… as much Beauty as could die” as Ben Jonson\x27s epitaph “On Elizabeth L. H.” and updated page notes, quotes index, and the research queue."
2025-12-17,codex-cli,phase-2,research queue (p21 Adriatic quote),2025-12-17T10:52:53Z,2025-12-17T10:55:05Z,2,run/20251215-codex-extraction-pass1,a8cc497,"Identified the Page 21 Adriatic/Illyrian hills quotation as Matthew Arnold’s “Empedocles on Etna” and updated page notes and indexes."
2025-12-17,codex-cli,phase-2,research queue (p24 Clement pope-name),2025-12-17T10:56:49Z,2025-12-17T10:59:10Z,2,run/20251215-codex-extraction-pass1,8c7a9f3,"Confirmed Page 24\x27s “fourteen popes and two anti-popes” wording via EB1911 “Clement” and updated notes, people index, and the research queue."
2025-12-17,codex-cli,phase-2,research queue (p23-24),2025-12-17T11:02:21Z,2025-12-17T11:34:11Z,32,run/20251215-codex-extraction-pass1,4a2eb2c,"Resolved Page 24 Ahkoond of Swat and Page 23 match allusions and Blackwood/left-luggage items; updated notes and indexes."
2025-12-17,codex-cli,phase-2,research queue (p22/p25/p26),2025-12-17T11:48:35Z,2025-12-17T14:51:28Z,183,run/20251215-codex-extraction-pass1,dfc5fed,"Clarified Page 22 de Witt birthday, resolved Page 25 song/date hook + Didling place, and resolved Page 26 Ben Wade pipe + bear-with-a-sore-head idiom."
2025-12-17,codex-cli,phase-2,research queue (p27 Severn county town),2025-12-17T15:07:37Z,2025-12-17T15:32:44Z,25,run/20251215-codex-extraction-pass1,3847285,"Resolved Page 27\x27s “county town on the Severn” as likely Shrewsbury (EB1911) and updated notes plus indices."
2025-12-17,codex-cli,phase-2,research queue (p28 Earnest quote/book),2025-12-17T15:33:37Z,2025-12-17T15:51:39Z,18,run/20251215-codex-extraction-pass1,8625afc,"Identified Page 28\x27s quoted lines as Oscar Wilde’s *The Importance of Being Earnest* (Act I, Lane) and resolved the related book/edition research items."
2025-12-17,codex-cli,phase-2,research queue (p29 plants/mineralogist),2025-12-17T21:55:44Z,2025-12-17T22:12:12Z,16,run/20251215-codex-extraction-pass1,590c547,"Resolved Page 29 plant/poison references (lobelia, lords and ladies, broad beans) and treated the 'old mineralogist' as an in-world placeholder (P35)."
2025-12-17,codex-cli,phase-2,research queue (p30 quote probes),2025-12-17T22:17:38Z,2025-12-17T22:24:58Z,7,run/20251215-codex-extraction-pass1,8f8a148,"Identified Page 30’s quote probes as William Watson (“The Sovereign Poet”) and Robert Louis Stevenson’s *Underwoods* poem “Henry James”, and updated notes, quotes index, and research queue."
2025-12-17,codex-cli,phase-2,research queue (p31 rill/corncrake),2025-12-17T22:26:35Z,2025-12-17T22:33:17Z,7,run/20251215-codex-extraction-pass1,88aa5a4,"Resolved Page 31’s Caseus/Cassius pun and interpreted the rill/corncrake duet as vehicle/engine sounds; no unique external match found for the ‘awful night in Paris’ reference."
2025-12-18,codex-cli,phase-2,research queue (p33 letter + black pineapple),2025-12-18T07:50:15Z,2025-12-18T08:03:31Z,13,run/20251215-codex-extraction-pass1,462ae64,"Identified Page 33 quoted letter as Lady Mary Wortley Montagu and interpreted black pineapple bits as loose tobacco; updated notes and indexes."
2025-12-18,codex-cli,phase-2,research queue (p35 Crisp + Richard/Thomas),2025-12-18T08:05:36Z,2025-12-18T08:14:50Z,9,run/20251215-codex-extraction-pass1,8596a4b,"Identified Page 35’s Richard/Thomas line as a Shakespeare/Dryden quote-mash and treated Wellington Crisp as an in-world pastiche figure; updated notes and indexes."
2025-12-18,codex-cli,phase-2,skills review (markdown docs),2025-12-18T08:06:38Z,2025-12-18T08:24:39Z,18,run/20251215-codex-extraction-pass1,8596a4b,"Reviewed markdown docs and drafted Skill improvement suggestions; no repo changes beyond time log."
2025-12-18,codex-cli,phase-2,research queue (p36 Tennyson + Calabar),2025-12-18T08:24:48Z,2025-12-18T08:34:19Z,10,run/20251215-codex-extraction-pass1,ab13650,"Identified Page 36’s good-uncle line as Tennyson’s “The Sisters” and confirmed old Calabar as Calabar bean/physostigma; updated notes and indexes."
2025-12-18,codex-cli,phase-2,research queue (p37 Hotspur + Paulo post + bores),2025-12-18T08:36:26Z,2025-12-18T09:36:22Z,60,run/20251215-codex-extraction-pass1,db35374,"Resolved Page 37’s Hotspur/Shrewsbury reference, interpreted “Paulo Post Avorticists” as paulo post + (a) Vorticists, and supported the bores/chambers firearm reading with Chambers and Shakespeare citations; updated notes and indexes."
2025-12-18,codex-cli,phase-2,skills/docs + scripts refactor,2025-12-18T10:13:13Z,2025-12-18T10:26:14Z,13,run/20251215-codex-extraction-pass1,42fe918,"Updated Skills (phase gating, narrator profiling, falsification), added narrators index, and moved helper scripts into Scripts/."
2025-12-18,codex-cli,phase-2,wordplay skills (detectors+synthesis),2025-12-18T11:41:15Z,2025-12-18T11:50:40Z,9,run/20251215-codex-extraction-pass1,6ae25ea,"Added wordplay detector and synthesis Skills, created Indexes/wordplay.md, and integrated wordplay policy into phases and docs."
2025-12-18,codex-cli,phase-2,phase-2 recommendation (wordplay integration),2025-12-18T13:26:12Z,2025-12-18T13:31:21Z,5,run/20251215-codex-extraction-pass1,ab6c4cb,"Reviewed AGENTS, sampled pages 1/91/92/95/96 notes and research queue status, and recommended Phase 2 integration of wordplay skills without redoing Phase 1."
2025-12-18,codex-cli,phase-2,research queue (p1 chine/lazar + p92 Devona),2025-12-18T13:41:18Z,2025-12-18T14:05:28Z,24,run/20251215-codex-extraction-pass1,cc1a6a1,"Resolved Page 1’s “St. Lazarus-in-the-Chine” as a lazaretto-in-a-chine name (Chambers) and Page 92’s Devona as a clotted-cream sweetmeat, stalled three in-progress items, and started populating Indexes/wordplay.md."
2025-12-18,codex-cli,phase-2,research queue (p5 O.M./OM wordplay),2025-12-18T14:11:54Z,2025-12-18T14:13:46Z,2,run/20251215-codex-extraction-pass1,c8f5e65,"Resolved Page 5’s O.M./M.O./OM “cut out the stops” wordplay and recorded it in-page and in Indexes/wordplay.md."
2025-12-18,codex-cli,phase-2,research queue (p5 Emperor’s Peg),2025-12-18T14:38:22Z,2025-12-18T14:44:26Z,6,run/20251215-codex-extraction-pass1,cd07773,"Resolved “Emperor’s Peg” as a “peg” (drink of spirits) and grounded vitriol and applejack with period definitions; updated notes and indexes."
2025-12-18,codex-cli,phase-2,research queue (p4 Maestro Jimson),2025-12-18T14:45:26Z,2025-12-18T14:50:15Z,5,run/20251215-codex-extraction-pass1,cb37dc6,"Identified “Maestro Jimson” as a chapter title in Stevenson & Osbourne’s *The Wrong Box* and updated Page 4 notes, quotes index, and research queue."
2025-12-18,codex-cli,phase-2,research queue (p3 assassin’s substance),2025-12-18T14:51:02Z,2025-12-18T14:54:01Z,3,run/20251215-codex-extraction-pass1,c038bad,"Identified the “assassin’s wonderful substance” as hashish/hasheesh via EB1911 and recorded the 17,600 yards = 10 miles marker."
2025-12-18,codex-cli,phase-2,research queue (p12/p50 Homonoea/Atimetus),2025-12-18T14:56:48Z,2025-12-18T15:14:48Z,18,run/20251215-codex-extraction-pass1,be4550f,"Resolved Greek Anthology Homonoea/Atimetus quote anchors for Pages 12 and 50 and updated quotes index and research queue."
2025-12-18,codex-cli,phase-2,research queue (p12 Coward/King Charles),2025-12-18T15:20:04Z,2025-12-18T15:24:11Z,4,run/20251215-codex-extraction-pass1,9dd2377,"Resolved the Page 12 Noel Coward/King Charles\x27s Head allusion as the Dickens idiom and updated quotes index and research queue."
2025-12-18,codex-cli,phase-2,research queue (p13 conduit 1597),2025-12-18T15:25:23Z,2025-12-18T15:31:04Z,6,run/20251215-codex-extraction-pass1,b549312,"Identified Page 13\x27s 1597 market-place conduit as Grantham (EB1911) and updated page notes, places index, and research queue."
2025-12-18,codex-cli,phase-2,research queue (p13 Newdigate fringe),2025-12-18T15:31:36Z,2025-12-18T15:34:00Z,2,run/20251215-codex-extraction-pass1,8593c9d,"Interpreted Page 13\x27s “Newdigate fringe” as a Newdigate Prize (Oxford English verse) stereotype reference (EB1911) and updated page notes and research queue."
2025-12-18,codex-cli,phase-2,research queue (p14 Janetta; p15 lightning),2025-12-18T15:35:44Z,2025-12-18T15:45:08Z,9,run/20251215-codex-extraction-pass1,88d2a38,"Resolved Page 15\x27s John Hewit/Sarah Drew lightning date/place and John Gay letter-writer reference; marked Janetta Sheringham lookup as stalled and updated relevant indexes."
2025-12-18,codex-cli,phase-2,research queue (p15 Lyons; p16 Banks o\x27 Doon),2025-12-18T15:51:56Z,2025-12-18T15:54:50Z,3,run/20251215-codex-extraction-pass1,0fa8a4d,"Resolved Page 15\x27s “Lyons” (Lyon, France) and “coming of age hours” (21:00 pun) and identified Page 16\x27s lyric as Burns\x27 “The Banks o\x27 Doon”; updated notes and indices."
2025-12-18,codex-cli,phase-2,docs + research queue (p10/p17),2025-12-18T15:59:00Z,2025-12-18T16:21:21Z,22,run/20251215-codex-extraction-pass1,a1b1aa6,"Added progress-check skill and Indexes schema; resolved Moning tea and Gourdoulis cigarettes; stalled Moon/Dawn and Etam sizing."
2025-12-19,codex-cli,phase-2,research queue (p6/p7/p11),2025-12-19T12:19:47Z,2025-12-19T13:39:52Z,80,run/20251215-codex-extraction-pass1,489974e,"Resolved Electric Febrifuge (gelsemium), Jew’s-lime (engrafting wax), Renard‑Beinsky (Lengyel), Kipling “Thy Servant a Dog” quote, and “Grundy Sapphic”→Sunday Graphic; updated notes and indices."
2025-12-19,codex-cli,phase-2,research queue (p18/p41/p63/p66/p68),2025-12-19T14:05:03Z,2025-12-19T16:28:28Z,143,run/20251215-codex-extraction-pass1,f51c580,"Resolved Page 18 Chaucer/1 Corinthians anchors, Page 41 Kipling Mary Gloster quote, Page 63 Rainbow Sundae, Page 66 Locksley Hall riff, and Page 68 Alexander's Ragtime Band; updated notes and indices."
2025-12-19,codex-cli,phase-2,research queue (p40/p42/p43),2025-12-19T16:36:12Z,2025-12-19T16:56:59Z,21,run/20251215-codex-extraction-pass1,b3bf01c,"Resolved Page 40 Whitman “This Compost” quotations, Page 42 Browning “Saul” verse header, and Page 43 Francis Thompson New Poems line plus Stevenson The Wrecker “Ecky” quote; updated notes and indices."
2025-12-19,codex-cli,phase-2,research queue (p40/p43),2025-12-19T17:05:44Z,2025-12-19T17:52:20Z,47,run/20251215-codex-extraction-pass1,94a9443,"Resolved Page 40 Flecker 'Yasmin' quote, cited Eric Parker Long Ditton phrasing, and identified Lover's Delight as an ice-cream-parlour specialty; updated notes and indices."
2025-12-19,codex-cli,phase-2,research queue (p44/p46),2025-12-19T18:02:24Z,2025-12-19T18:10:44Z,8,run/20251215-codex-extraction-pass1,0129286,"Resolved Page 44 St Bruno tobacco reference and identified Page 46 ‘murderous doctor’ quote as Thomas De Quincey; updated notes and indices."
2025-12-19,codex-cli,phase-2,research queue (p45),2025-12-19T18:33:09Z,2025-12-19T19:15:06Z,42,run/20251215-codex-extraction-pass1,0308658,"Resolved Page 45 Typhoon quote + Epicam/Villacabras citations; added Peter Barleys→Peter Parley; updated notes and indices."
2025-12-19,codex-cli,phase-2,research queue (p17/p43),2025-12-19T19:24:20Z,2025-12-19T20:10:41Z,46,run/20251215-codex-extraction-pass1,2c54dc8,"Pinned Page 43 ‘honest station’ to LIKELY St Neots and cross-linked Dawn/Moon motif; updated notes and places index."
2025-12-19,codex-cli,phase-2,research queue (p51),2025-12-19T20:16:48Z,2025-12-19T22:55:09Z,158,run/20251215-codex-extraction-pass1,47e7021,"Resolved Page 51 cricket (Hambledon/Hampshire) reference and defined ‘yets’ as gates; updated notes and places index."
2025-12-19,codex-cli,phase-2,research queue (p48),2025-12-19T23:01:37Z,2025-12-19T23:16:35Z,15,run/20251215-codex-extraction-pass1,c93ff2f,"Resolved Page 48 Crataegus Oxyacantha as hawthorn (“may”) and linked the Book of Common Prayer “worm” line; updated notes and motifs index."
2025-12-20,codex-cli,phase-2,research queue (p61/62/70-75/80-81),2025-12-20T10:02:07Z,2025-12-20T11:17:40Z,76,run/20251215-codex-extraction-pass1,0818930,"Resolved multiple research-queue items and added citations (Orpen/Café Royal, Havelock statue, lobelia/Indian tobacco + insecticide use, Fleming’s aconite tincture, Verlaine/Hamlet, Newbolt, Tennyson, Browning); updated page notes and indices."
2025-12-20,codex-cli,phase-2,research queue (p76/77/79),2025-12-20T11:27:02Z,2025-12-20T11:58:19Z,31,run/20251215-codex-extraction-pass1,94a69fb,"Resolved Perceval date anchor, Bob Martin dog medicine, and Henry Vaughan quote; updated notes and indices."
2025-12-20,codex-cli,phase-2,research queue (p76-78),2025-12-20T12:01:09Z,2025-12-20T12:36:06Z,35,run/20251215-codex-extraction-pass1,980bb14,"Resolved Page 77 “Compact” as a hypodermic syringe model; resolved Page 78 Carew quotes; marked Lord Pentarry item stalled with Penterry place-name lead; updated notes and indices."
2025-12-20,codex-cli,phase-2,research queue (p81-82),2025-12-20T12:43:08Z,2025-12-20T13:12:18Z,29,run/20251215-codex-extraction-pass1,114be99,"Resolved Page 81 last-words allusion to Doyle’s “Speckled Band”; resolved Page 82 Masefield Poet Laureate line (“brand o’ Cain” / “human mistake”) and identified two anagram wordplays; updated notes, quotes, people, and wordplay index."
2025-12-20,codex-cli,phase-2,research queue (p83-85),2025-12-20T13:15:15Z,2025-12-20T14:05:42Z,50,run/20251215-codex-extraction-pass1,0aead07,"Resolved Page 83 Browning “slow sweet name”; resolved Page 84 Nelson allusions (blind-eye signal + arm amputation date) and kismet definition; resolved Page 85 Holmes/Sexton Blake Baker Street inference and Whitman “The Sleepers” quote; updated notes and indices."
2025-12-20,codex-cli,phase-2,research queue (p94/97-100),2025-12-20T14:10:03Z,2025-12-20T15:13:11Z,63,run/20251215-codex-extraction-pass1,1306cdd,"Resolved Page 94 narrator name (LIKELY King); resolved Page 97 Paris/Leonidas allusions (John Ayrton Paris; Thermopylae); resolved Page 98 Stevenson “sedulous ape” + Scott’s Douglas line; resolved Page 99 Frederick the Great eyes + Sanssouci/Potsdam death-day; resolved Page 100 Southend Kursaal and Thompson/Hamlet quotations; updated notes and indices."
2025-12-20,codex-cli,phase-2,research queue (p38-40),2025-12-20T15:32:42Z,2025-12-20T15:59:20Z,27,run/20251215-codex-extraction-pass1,31d37bc,"Updated research queue for pages 38-40 (Combe/free-knowledgist; Parker Ditton/Irishman) and refreshed related notes/indices."
2025-12-20,codex-cli,phase-2,research queue (p55/57/47),2025-12-20T16:11:10Z,2025-12-20T17:01:59Z,51,run/20251215-codex-extraction-pass1,d229158,"Resolved Page 55 Old Mill at Bramley as Parker’s Bramley (Surrey); resolved Page 57 Brookesley/Felton allusion (Villiers/Buckingham); identified Page 47 “Special Orange Supreme” as period menu language; updated notes and indices."
2025-12-20,codex-cli,phase-2,research queue (p65),2025-12-20T17:39:05Z,2025-12-20T18:09:34Z,30,run/20251215-codex-extraction-pass1,19d5493,"Resolved Page 65 Monk Arnulphus poem and Jim the Penman play allusions; updated page notes, quotes index, and research queue."
2025-12-20,codex-cli,phase-2,research queue (p64),2025-12-20T18:10:44Z,2025-12-20T18:25:38Z,15,run/20251215-codex-extraction-pass1,5b459c2,"Resolved Page 64 “tasted lotus” as Johnson’s *Journey to the Western Islands* (Ch. 21) and identified the Don Juan angling stanza; updated notes, quotes index, and research queue."
2025-12-20,codex-cli,phase-2,research queue (p59),2025-12-20T18:26:41Z,2025-12-20T18:32:49Z,6,run/20251215-codex-extraction-pass1,45d2dbc,"Resolved Page 59 kea bird reference and gelsemium poison context via EB1911; updated notes, objects/motifs index, and research queue."
2025-12-20,codex-cli,phase-2,research queue (p64-65),2025-12-20T18:55:16Z,2025-12-20T19:31:50Z,37,run/20251215-codex-extraction-pass1,9883d38,"Resolved Page 64’s second angling quote to Horace Smith’s *Tin Trumpet* and identified Page 65’s Hardy reference as LIKELY “The Distracted Preacher”; updated notes, quotes, and research queue."
2025-12-20,codex-cli,phase-2,research queue (close open items),2025-12-20T19:39:36Z,2025-12-20T23:18:15Z,219,run/20251215-codex-extraction-pass1,c9f1af2,"Closed remaining open research_queue items; added Chambers and Goya references; updated page notes and indices."
2025-12-20,codex-cli,phase-2,phase-2 completion check,2025-12-20T23:28:00Z,2025-12-20T23:28:45Z,1,run/20251215-codex-extraction-pass1,a17687a,"Checked Phase 2 exit conditions and ran research progress summary."
2025-12-20,codex-cli,phase-3,phase-3 kickoff (update current_run),2025-12-20T23:34:52Z,2025-12-20T23:37:11Z,2,run/20251215-codex-extraction-pass1,f44e9bd,"Updated current run metadata to phase-3."
2025-12-21,codex-cli,phase-3,phase-3 narrator clustering v1,2025-12-21T00:19:19Z,2025-12-21T00:31:20Z,12,run/20251215-codex-extraction-pass1,8ea4749,"Added narrator signatures N01-N07 and aligned Phase 3 narrator clusters."
2025-12-21,codex-cli,phase-3,phase-3 narrator clustering (N08-N09),2025-12-21T08:18:51Z,2025-12-21T08:36:18Z,17,run/20251215-codex-extraction-pass1,b20b24e,"Added narrator signatures N08-N09 and updated hypotheses to match."
2025-12-21,codex-cli,phase-3,phase-3 narrator clustering (N10),2025-12-21T08:37:59Z,2025-12-21T08:43:18Z,5,run/20251215-codex-extraction-pass1,fd8dd3c,"Added narrator signature N10 and linked it to the will/document cluster."
2025-12-21,codex-cli,phase-3,phase-3 narrator clustering (N11),2025-12-21T08:45:14Z,2025-12-21T08:50:27Z,5,run/20251215-codex-extraction-pass1,f234cd5,"Added narrator signature N11 (De’Ath) and separated it from the general detective-allusion cluster."
2025-12-21,codex-cli,phase-3,phase-3 clustering (sweets + Henry split),2025-12-21T08:53:35Z,2025-12-21T09:14:18Z,21,run/20251215-codex-extraction-pass1,9bec23b,"Refined sweets/bar clusters and split Henry occurrences into narrator signatures N12-N15."
2025-12-21,codex-cli,phase-3,phase-3 clustering (Henry residual split N16-N18),2025-12-21T09:20:47Z,2025-12-21T09:32:14Z,11,run/20251215-codex-extraction-pass1,b7af1ec,"Added narrator signatures N16-N18 and reduced the Henry residual cluster."
2025-12-21,codex-cli,phase-3,phase-3 clustering (Henry residual split N19-N21),2025-12-21T09:32:14Z,2025-12-21T09:46:02Z,14,run/20251215-codex-extraction-pass1,6f4ab86,"Added narrator signatures N19-N21 and reduced the Henry residual cluster."
2025-12-21,codex-cli,phase-3,phase-3 clustering (assign pages 82/92),2025-12-21T09:50:08Z,2025-12-21T10:03:14Z,13,run/20251215-codex-extraction-pass1,363cb34,"Assigned pages 82 and 92 to narrator clusters (N08/N21) and removed the residual Henry bucket."
2025-12-21,codex-cli,phase-3,phase-3 clustering (N25-N26; extend N12),2025-12-21T10:19:05Z,2025-12-21T10:29:42Z,11,run/20251215-codex-extraction-pass1,b95f653,"Added narrator signatures N25-N26 and extended N12 to include Page 59."
2025-12-21,codex-cli,phase-3,phase-3 clustering (N27; extend N12/N25),2025-12-21T10:30:52Z,2025-12-21T13:55:29Z,205,run/20251215-codex-extraction-pass1,5b47f34,"Added narrator signature N27 and extended N12/N25 based on shared poison and rhetorical anchors."
2025-12-21,codex-cli,phase-3,phase-3 clustering (expand N16 to pages 7/55),2025-12-21T13:57:24Z,2025-12-21T14:03:44Z,6,run/20251215-codex-extraction-pass1,58af0f5,"Expanded narrator N16 via shared smell-centric, synaesthetic voice tells across pages 7, 44, 45, and 55."
2025-12-21,codex-cli,phase-3,phase-3 clustering (pages 10/33/37-40/81),2025-12-21T14:07:09Z,2025-12-21T14:23:08Z,16,run/20251215-codex-extraction-pass1,1996295,"Assigned pages 10 and 39 to the dog narrator, folded page 33 into N25, and created narrator signatures N28-N31 for the remaining pages."
2025-12-21,codex-cli,phase-3,phase-3 clustering (pages 88-90),2025-12-21T14:32:33Z,2025-12-21T14:46:44Z,14,run/20251215-codex-extraction-pass1,694dea1,"Assigned Page 88 to the dog narrator and created narrator N32 to cluster Pages 65/89/90 via shared voice anchors."
2025-12-21,codex-cli,phase-3,phase-3 clustering (extend N09; assign remaining pages),2025-12-21T14:51:36Z,2025-12-21T15:26:21Z,35,run/20251215-codex-extraction-pass1,a9282e8,"Extended N09 to include pages 95-96 and assigned remaining unclustered pages via new narrator signatures N33-N38."
2025-12-21,codex-cli,phase-3,phase-3 clustering (macro clusters pass),2025-12-21T15:35:50Z,2025-12-21T15:45:42Z,10,run/20251215-codex-extraction-pass1,f739115,"Added Phase 3 macro-strand clusters to consolidate pages into a smaller set of defensible narrative strands."
2025-12-21,codex-cli,phase-3,phase-3 clustering (macro overlap audit),2025-12-21T15:57:36Z,2025-12-21T15:59:00Z,1,run/20251215-codex-extraction-pass1,3eaa0f2,"Audited macro-cluster overlaps and confirmed expected multi-membership for motif/constraint layers (time, Whitman) and hybrid pages."
2025-12-21,codex-cli,phase-3,phase-3 clustering (refine macro sub-strands),2025-12-21T16:04:00Z,2025-12-21T16:10:27Z,6,run/20251215-codex-extraction-pass1,467c036,"Refined macro cluster falsifiers by explicitly treating broad strands as umbrellas and noting key sub-strands and bridge checks."
2025-12-21,codex-cli,phase-3,phase-3 clustering (people overlap: paper/money),2025-12-21T16:14:36Z,2025-12-21T16:18:21Z,4,run/20251215-codex-extraction-pass1,d48eb98,"Parsed `Indexes/people.md` to identify likely bridging people IDs inside the paper/money macro strand and recorded them in the falsification checks."
2025-12-21,codex-cli,phase-3,phase-3 clustering (people overlap: botany + aesthetic),2025-12-21T16:24:02Z,2025-12-21T16:31:45Z,8,run/20251215-codex-extraction-pass1,c95c3a4,"Parsed `Indexes/people.md` for multi-page people IDs inside the botany/poison and aesthetic macro strands and recorded likely bridges/falsifiers."
2025-12-21,codex-cli,phase-3,phase-3 clustering (people overlap: detective + time + Whitman),2025-12-21T16:34:33Z,2025-12-21T16:39:54Z,5,run/20251215-codex-extraction-pass1,28cc7c1,"Parsed `Indexes/people.md` for multi-page people IDs inside the detective/police, time/calendar, and Whitman macro clusters and recorded the results in falsification checks."
2025-12-21,codex-cli,phase-3,phase-3 clustering (fill narrator coverage),2025-12-21T16:47:12Z,2025-12-21T17:11:41Z,24,run/20251215-codex-extraction-pass1,b3f6803,"Filled narrator coverage by assigning pages 8/23/28/29/50/57/80 and updating Phase 3 narrator clusters."
2025-12-21,codex-cli,phase-3,phase-3 clustering (macro overlap map),2025-12-21T17:25:56Z,2025-12-21T17:31:30Z,6,run/20251215-codex-extraction-pass1,5b97664,"Added a macro overlap map to highlight pages that sit in multiple Phase 3 macro strands."
2025-12-21,codex-cli,phase-3,phase-3 clustering (bridge audit: macro strands),2025-12-21T17:34:58Z,2025-12-21T17:44:04Z,9,run/20251215-codex-extraction-pass1,a7d5682,"Added a bridge audit to surface candidate cross-strand connectors (overlap pages + named anchors) with falsifiers."
2025-12-21,codex-cli,phase-3,phase-3 clustering (wordplay consolidation),2025-12-21T17:47:55Z,2025-12-21T18:12:41Z,25,run/20251215-codex-extraction-pass1,fac2bd8,"Standardised per-page wordplay notes into synthesis blocks and consolidated them into Indexes/wordplay.md."
2025-12-21,codex-cli,phase-3,phase-3 clustering (tag narrator wordplay habits),2025-12-21T18:20:32Z,2025-12-21T18:29:46Z,9,run/20251215-codex-extraction-pass1,1fcbacf,"Annotated narrator signatures with observed wordplay habits based on the consolidated wordplay index."
2025-12-21,codex-cli,phase-3,phase-3 clustering (macro coverage audit),2025-12-21T18:56:40Z,2025-12-21T19:08:17Z,12,run/20251215-codex-extraction-pass1,3582875,"Added a macro coverage audit mapping for the 21 pages not yet included in any Phase 3 macro strand."
2025-12-21,codex-cli,phase-3,phase-3 clustering (tighten macro sub-strands),2025-12-21T19:16:41Z,2025-12-21T19:27:26Z,11,run/20251215-codex-extraction-pass1,9b20813,"Tightened each Phase 3 macro cluster by adding explicit narrator-based sub-strands and labels."
2025-12-21,codex-cli,phase-3,phase-3 clustering (tightening pass: narrator/motif),2025-12-21T19:35:28Z,2025-12-21T19:47:07Z,12,run/20251215-codex-extraction-pass1,7fe2491,"Removed the lone narrator overlap (Page 68) and tightened several cross-narrator motif clusters with explicit sub-strands."
2025-12-21,codex-cli,phase-3,phase-3 clustering (motif cleanup),2025-12-21T20:07:26Z,2025-12-21T20:18:15Z,11,run/20251215-codex-extraction-pass1,de7164e,"Tightened remaining motif clusters by adding explicit narrator sub-strands and simplifying the paper/money umbrella structure."
2025-12-21,codex-cli,phase-3,phase-3 clustering (singleton sweep: narrators),2025-12-21T20:40:53Z,2025-12-21T21:04:08Z,23,run/20251215-codex-extraction-pass1,9442465,"Standardised all single-page narrator entries with explicit singleton tags and concrete next-check anchors."
2025-12-21,codex-cli,phase-3,phase-3 clustering (research hygiene),2025-12-21T21:34:43Z,2025-12-21T21:54:55Z,20,run/20251215-codex-extraction-pass1,2721a1e,"Queued missing research items and removed lingering TBD/unidentified markers from notes and places index."
2025-12-21,codex-cli,phase-2,phase-2 research (resolve open items),2025-12-21T22:04:18Z,2025-12-21T22:34:43Z,30,run/20251215-codex-extraction-pass1,21af6a5,"Moved the run to phase-2 and resolved the remaining open research items (with a couple left as stalled/partial)."
2025-12-21,codex-cli,phase-3,phase switch (back to clustering),2025-12-21T22:43:56Z,2025-12-21T22:45:23Z,1,run/20251215-codex-extraction-pass1,027bcec,"Updated the active run phase back to phase-3 per user direction."
2025-12-21,codex-cli,phase-3,phase-3 clustering (macro closure),2025-12-21T22:50:48Z,2025-12-21T23:50:34Z,60,run/20251215-codex-extraction-pass1,48abde1,"Promoted all previously macro-unassigned pages into existing macro strands and regenerated the macro overlap map."
2025-12-22,codex-cli,phase-3,phase-3 clustering (bridge audit refresh),2025-12-22T00:02:33Z,2025-12-22T00:10:54Z,8,run/20251215-codex-extraction-pass1,277fca4,"Refreshed the bridge audit to reflect the new macro overlaps and narrator join surfaces."
2025-12-22,codex-cli,phase-3,phase-3 clustering (tighten top macro overlaps),2025-12-22T00:22:43Z,2025-12-22T00:30:39Z,8,run/20251215-codex-extraction-pass1,d0bdfca,"Tightened Paper↔Time and Aesthetic↔Time overlap bridges by adding narrator/mechanism breakdowns and clearer falsification checks."
2025-12-22,codex-cli,phase-3,phase-3 clustering (tighten macro overlap bridges),2025-12-22T00:33:40Z,2025-12-22T00:43:42Z,10,run/20251215-codex-extraction-pass1,634b6fa,"Expanded the overlap-page bridge audit for the remaining macro-pair overlaps with narrator/mechanism breakdowns and tightening checks."
2025-12-22,codex-cli,phase-3,phase-3 clustering (prune macro overlaps),2025-12-22T07:21:06Z,2025-12-22T07:34:51Z,14,run/20251215-codex-extraction-pass1,908b72d,"Pruned weak macro overlap assignments and regenerated the overlap map/bridge audit to keep only higher-signal joins."
2025-12-22,codex-cli,phase-3,phase-3 progress check,2025-12-22T07:40:07Z,2025-12-22T07:46:31Z,6,run/20251215-codex-extraction-pass1,4b8a71b,"Progress check: Phase 3 exit conditions are met (7 macro clusters; narrators cover 100/100 pages) and we are ready to begin Phase 4 within a selected cluster."
2025-12-22,codex-cli,phase-4,phase switch (to internal ordering),2025-12-22T07:51:36Z,2025-12-22T07:53:41Z,2,run/20251215-codex-extraction-pass1,aa7a623,"Updated the active run phase to phase-4 (internal ordering within clusters) per user direction."
2025-12-22,codex-cli,phase-4,phase-4 ordering (Dog POV cluster v1),2025-12-22T07:59:10Z,2025-12-22T08:15:54Z,17,run/20251215-codex-extraction-pass1,8b8d96f,"Proposed internal Dog POV sequences (date spine + Flora subchain) with falsifiers and added a Combe death-day time anchor to Page 39."
2025-12-22,codex-cli,phase-4,phase-4 ordering (Dog POV: resolve p19/p48 anchors),2025-12-22T08:37:31Z,2025-12-22T09:01:43Z,24,run/20251215-codex-extraction-pass1,e124f21,"Resolved p19 day-anchor ambiguity and proposed p48 Nahum Tate/BCP Aug 12 lead-in; updated Dog POV date spine and falsifiers."
2025-12-22,codex-cli,phase-4,phase-4 ordering (Dog POV: anchor p46 Dec 14),2025-12-22T09:07:58Z,2025-12-22T10:23:33Z,76,run/20251215-codex-extraction-pass1,1742a9f,"Resolved Page 46 "visited England to-day" as Chambers Book of Days Dec 14 (Albert, Prince Consort) anchor; updated hypotheses and research queue."
2025-12-22,codex-cli,phase-4,phase-4 ordering (Dog POV: p8→p19 continuity check),2025-12-22T10:32:24Z,2025-12-22T10:49:16Z,17,run/20251215-codex-extraction-pass1,a18a484,"Confirmed Hall/knob motif is unique to Pages 8+19 and that Page 19's "again" supports p8→p19; updated Dog POV falsifiers."
2025-12-22,codex-cli,phase-4,phase-4 ordering (Dog POV: confirm p99→p8 bow link),2025-12-22T11:04:02Z,2025-12-22T11:15:01Z,11,run/20251215-codex-extraction-pass1,c1202aa,"Confirmed p99→p8 bow/jossers/trimming continuity and updated Dog POV falsifiers; queued next check to reconcile Jasmine references."
2025-12-22,codex-cli,phase-4,phase-4 ordering (Dog POV: reconcile Jasmine),2025-12-22T11:41:25Z,2025-12-22T12:23:09Z,42,run/20251215-codex-extraction-pass1,5c6ded9,"Reconciled Dog POV Jasmine references as the same household cat and updated indices and ordering hypotheses."
2025-12-22,codex-cli,phase-4,phase-4 ordering (Dog POV: p88 Tom/Flora bridge),2025-12-22T13:38:06Z,2025-12-22T14:05:57Z,28,run/20251215-codex-extraction-pass1,a12e1c0,"Assessed whether p88’s “Tom and Flora” matches the Dog POV Flora thread, updated notes/hypotheses, and added `P100` Tom."
2025-12-22,codex-cli,phase-4,phase-4 ordering (Dog POV: split Flora identities),2025-12-22T14:42:36Z,2025-12-22T15:20:02Z,37,run/20251215-codex-extraction-pass1,c0a9722,"Disconfirmed the Flora bridge and split Flora IDs (dog mate vs Tom’s partner) across notes, hypotheses, and people index."
2025-12-22,codex-cli,phase-4,phase-4 ordering (Dog POV: falsify Tom/Flora↔dog-mate tie),2025-12-22T15:52:06Z,2025-12-22T17:09:15Z,77,run/20251215-codex-extraction-pass1,08fc1f9,"Searched for additional Tom/Flora anchors and marked the p88 Tom/Flora couple as distinct from the dog‑mate Flora thread."
2025-12-22,codex-cli,phase-4,phase-4 ordering (Dog POV: scan Dec 14 anchors),2025-12-22T18:23:38Z,2025-12-22T18:38:25Z,15,run/20251215-codex-extraction-pass1,5392934,"Scanned Dog POV set for a second Dec 14 anchor and kept Page 46 unplaced from the Aug date spine."
2025-12-22,codex-cli,phase-4,phase-4 ordering (Dog POV: POV/date audit),2025-12-22T18:56:57Z,2025-12-22T19:11:27Z,15,run/20251215-codex-extraction-pass1,47d461f,"Completed Dog POV falsification checks on human-only POV conflicts and validated the Aug date spine anchors."
2025-12-22,codex-cli,phase-4,phase-4 ordering (N25: internal ordering),2025-12-22T19:27:04Z,2025-12-22T20:02:51Z,36,run/20251215-codex-extraction-pass1,a3d927c,"Added Phase 4 internal ordering hypotheses for N25 and updated ordering notes on Pages 33, 34, 52, 53, and 57."
2025-12-22,codex-cli,phase-4,phase-4 falsification (Dog POV: p8 powerful glass),2025-12-22T20:17:14Z,2025-12-22T20:56:39Z,39,run/20251215-codex-extraction-pass1,56cbfea,"Resolved the Page 8 “powerful glass” ambiguity and updated Dog POV hypotheses and narrator notes."
2025-12-22,codex-cli,phase-4,phase-4 ordering (N09: internal ordering),2025-12-22T21:04:43Z,2025-12-22T21:46:09Z,41,run/20251215-codex-extraction-pass1,14212b7,"Added Phase 4 internal ordering hypotheses for N09 and updated ordering notes on Pages 68, 69, 70, 95, and 96."
2025-12-22,codex-cli,phase-4,phase-4 ordering (N06: internal ordering),2025-12-22T21:56:00Z,2025-12-22T22:26:23Z,30,run/20251215-codex-extraction-pass1,ee73636,"Added Phase 4 internal ordering hypotheses for N06 and updated ordering notes on Pages 71, 74, 75, and 83."
2025-12-22,codex-cli,phase-4,phase-4 ordering (N05: internal ordering),2025-12-22T22:37:12Z,2025-12-22T22:53:11Z,16,run/20251215-codex-extraction-pass1,a0a0d2b,"Added Phase 4 internal ordering hypothesis for N05 (p66→p67 sentence continuation lock)."
2025-12-22,codex-cli,phase-4,phase-4 ordering (N08: internal ordering),2025-12-22T23:10:52Z,2025-12-23T08:41:10Z,570,run/20251215-codex-extraction-pass1,e0e701a,"Added Phase 4 internal ordering hypotheses for N08 and updated ordering notes on Pages 15, 85, and 94."
2025-12-23,codex-cli,phase-4,phase-4 ordering (N12: internal ordering),2025-12-23T09:17:23Z,2025-12-23T09:43:37Z,26,run/20251215-codex-extraction-pass1,9ebd147,"Added Phase 4 internal ordering hypotheses for N12 and updated ordering notes on Pages 6, 21, 26, 29, 35, 36, 58, 59, and 60."
2025-12-23,codex-cli,phase-4,phase-4 ordering (N13: internal ordering),2025-12-23T09:57:06Z,2025-12-23T10:14:30Z,17,run/20251215-codex-extraction-pass1,5d64363,"Added Phase 4 internal ordering hypotheses for N13 (86→87 lock) and marked Page 80 as a tentative prelude with falsifiers."
2025-12-23,codex-cli,phase-4,phase-4 falsification (N13: p80 linkage check),2025-12-23T10:35:31Z,2025-12-23T10:48:52Z,13,run/20251215-codex-extraction-pass1,f2c2638,"Checked for a phrase-level anchor linking Page 80 to the 86→87 run; found none and downgraded Page 80 to overlap-only."
2025-12-23,codex-cli,phase-4,phase-4 ordering (N15: internal ordering),2025-12-23T10:54:46Z,2025-12-23T11:03:38Z,9,run/20251215-codex-extraction-pass1,7901fcb,"Added Phase 4 internal ordering hypotheses for N15 and updated ordering notes on Pages 76 and 77."
2025-12-23,codex-cli,phase-4,phase-4 ordering (N16: internal ordering),2025-12-23T11:06:51Z,2025-12-23T11:21:55Z,15,run/20251215-codex-extraction-pass1,b351b11,"Added Phase 4 internal ordering hypotheses for N16 and updated ordering notes on Pages 7, 44, 45, and 55."
2025-12-23,codex-cli,phase-4,phase-4 ordering (N17: internal ordering),2025-12-23T11:27:22Z,2025-12-23T11:47:33Z,20,run/20251215-codex-extraction-pass1,b944932,"Added Phase 4 internal ordering hypotheses for N17 and updated ordering notes on Pages 11 and 41."
2025-12-23,codex-cli,phase-4,phase-4 ordering (N21: internal ordering),2025-12-23T12:21:07Z,2025-12-23T12:57:34Z,36,run/20251215-codex-extraction-pass1,74cc308,"Added Phase 4 internal ordering hypotheses for N21 (including p92→p42 Browning lock) and updated ordering notes on Pages 42, 47, 49, and 92."
2025-12-23,codex-cli,phase-4,phase-4 ordering (N01: internal ordering),2025-12-23T13:09:09Z,2025-12-23T13:27:45Z,19,run/20251215-codex-extraction-pass1,878de61,"Added Phase 4 internal ordering hypotheses for N01 (p17→p43) and marked Page 1 as unplaced within the cluster pending a second anchor."
2025-12-23,codex-cli,phase-4,phase-4 ordering (N19: internal ordering),2025-12-23T13:35:01Z,2025-12-23T13:50:57Z,16,run/20251215-codex-extraction-pass1,7344efc,"Added Phase 4 internal ordering hypotheses for N19 and updated ordering notes on Pages 4 and 5."
2025-12-23,codex-cli,phase-4,phase-4 ordering (N20: internal ordering),2025-12-23T14:03:23Z,2025-12-23T14:17:15Z,14,run/20251215-codex-extraction-pass1,d04384e,"Added Phase 4 internal ordering hypotheses for N20 and updated ordering notes on Pages 13 and 31."
2025-12-23,codex-cli,phase-4,phase-4 ordering (N25: internal ordering),2025-12-23T14:34:11Z,2025-12-23T15:07:15Z,33,run/20251215-codex-extraction-pass1,f270cc6,"Refined Phase 4 internal ordering for N25 and updated ordering notes on Pages 33, 52, 53, and 57."
2025-12-23,codex-cli,phase-4,phase-4 ordering (N05: confirm lock),2025-12-23T15:27:49Z,2025-12-23T15:38:36Z,11,run/20251215-codex-extraction-pass1,a6f7c31,"Confirmed N05 p66→p67 sentence-continuation lock; no content changes."
2025-12-23,codex-cli,phase-4,phase-4 ordering (N06: confirm existing hypotheses),2025-12-23T15:46:45Z,2025-12-23T15:58:02Z,11,run/20251215-codex-extraction-pass1,8452824,"Reviewed N06 internal ordering hypotheses; no content changes."
2025-12-23,codex-cli,phase-4,phase-4 ordering (N08: refine internal ordering),2025-12-23T16:11:30Z,2025-12-23T16:35:16Z,24,run/20251215-codex-extraction-pass1,c5d77fd,"Refined Phase 4 internal ordering hypotheses for N08 and updated ordering notes on Pages 82 and 85."
2025-12-23,codex-cli,phase-4,phase-4 ordering (N12: refine internal ordering),2025-12-23T16:45:27Z,2025-12-23T17:18:47Z,33,run/20251215-codex-extraction-pass1,640bac0,"Added a tentative p6→p29 continuity hypothesis within N12 and updated ordering notes accordingly."
2025-12-23,codex-cli,phase-4,phase-4 ordering (N13: minor note fix),2025-12-23T17:32:57Z,2025-12-23T17:49:58Z,17,run/20251215-codex-extraction-pass1,b1e3e56,"Confirmed N13 anchors and corrected a typo in Page 80’s overlap note."
2025-12-23,codex-cli,phase-4,phase-4 ordering (N15: confirm existing hypotheses),2025-12-23T19:16:25Z,2025-12-23T19:27:49Z,11,run/20251215-codex-extraction-pass1,7ea0c1e,"Confirmed N15 ordering and found no additional anchors for Compact or Perceval."
2025-12-23,codex-cli,phase-4,phase-4 ordering (N03: internal ordering),2025-12-23T19:46:53Z,2025-12-23T21:06:44Z,80,run/20251215-codex-extraction-pass1,5bcfd4b,"Added Phase 4 internal ordering hypotheses for N03; updated page notes and flagged Yeats/Caroline overlap for disambiguation."
2025-12-23,codex-cli,phase-4,phase-4 falsifier (N03: Caroline/Yeats overlap),2025-12-23T21:25:43Z,2025-12-23T22:12:42Z,47,run/20251215-codex-extraction-pass1,cf0e6ae,"Confirmed Pages/cains_jawbone_page_24.md overlaps N13 via Caroline + Yeats substitution; updated hypotheses/notes to treat p24 as pending overlap."
2025-12-23,codex-cli,phase-4,phase-4 ordering (N10: internal ordering),2025-12-23T22:37:30Z,2025-12-23T23:06:41Z,29,run/20251215-codex-extraction-pass1,c5afe13,"Added Phase 4 internal ordering hypotheses for N10 (p14↔p12) and updated per-page ordering notes."
2025-12-23,codex-cli,phase-4,phase-4 ordering (N39: internal ordering),2025-12-23T23:17:04Z,2025-12-23T23:40:52Z,24,run/20251215-codex-extraction-pass1,fa44790,"Added Phase 4 internal ordering hypotheses for N39 (p28→p50) and updated per-page ordering notes; noted p50↔p12 epigram overlap as Phase 5 join-candidate."
2025-12-24,codex-cli,phase-4,phase-4 falsifier (N39: non-quote anchor search),2025-12-23T23:52:05Z,2025-12-24T00:08:58Z,17,run/20251215-codex-extraction-pass1,316649d,"Searched corpus for a second, non-quotation anchor linking p28 and p50; found none beyond will/forgery + Earnest motifs, so downgraded internal ordering confidence to MAYBE."
2025-12-24,codex-cli,phase-4,phase-4 ordering (N18: overlap check),2025-12-24T09:13:17Z,2025-12-24T09:31:29Z,18,run/20251215-codex-extraction-pass1,387cc86,"Confirmed N18 anchor phrases (verify/diary/falser hand) are unique; recorded resolved check and kept p78 overlap-only with will/forgery pages."
2025-12-24,codex-cli,phase-4,phase-4 falsifier (N20: Grantham pin),2025-12-24T09:40:11Z,2025-12-24T10:02:47Z,23,run/20251215-codex-extraction-pass1,c257105,"Resolved N20 falsifier by pinning p31\x27s “this very place” to Grantham via p13\x27s unique 1597 conduit market-place anchor; updated hypotheses and notes."
2025-12-24,codex-cli,phase-4,phase-4 ordering (N21: tighten sequences),2025-12-24T10:10:12Z,2025-12-24T11:10:38Z,60,run/20251215-codex-extraction-pass1,4bffce4,"Tightened N21 internal ordering (p49→p92→p42; p47 remains a MAYBE extension) and updated page ordering notes plus narrator index with resolved-check."
2025-12-24,codex-cli,phase-4,phase-4 falsifier (N21: non-generic anchor search),2025-12-24T11:20:19Z,2025-12-24T11:28:15Z,8,run/20251215-codex-extraction-pass1,0ea4da1,"Searched corpus for additional non-generic anchors tying p47 to the p92→p42 run; the tea/menu and imagery hooks appear unique to p47, so kept it as a MAYBE extension."
2025-12-24,codex-cli,phase-4,phase-4 ordering (N02: internal ordering),2025-12-24T11:42:37Z,2025-12-24T12:11:32Z,29,run/20251215-codex-extraction-pass1,146ef65,"Added N02 internal ordering hypotheses (p99→p8→p19 bow/knob continuity; p39→p10 bet backtrack) and updated per-page ordering notes."
2025-12-24,codex-cli,phase-4,phase-4 ordering (N02: extend sequences),2025-12-24T12:27:22Z,2025-12-24T12:56:57Z,30,run/20251215-codex-extraction-pass1,61bfcc0,"Extended N02 internal ordering with Tate (p48→p88) and Flora (p22→p79) sub-strands and updated per-page ordering notes."
2025-12-24,codex-cli,phase-4,phase-4 ordering (N02: place p46),2025-12-24T13:09:09Z,2025-12-24T16:23:43Z,195,run/20251215-codex-extraction-pass1,ad32639,"Placed p46 as a MAYBE extension of the N02 domestic dialogue strand via the shared “listening to him” anchor, and updated hypotheses plus page notes accordingly."
2025-12-24,codex-cli,phase-4,phase-4 falsifier (N02: p10↔p99 anchor),2025-12-24T16:40:25Z,2025-12-24T16:48:07Z,8,run/20251215-codex-extraction-pass1,19a1aeb,"Searched for a second, non-date continuity marker linking p10 and p99; found a shared object-naming aside structure (“as … called them”) plus dog-idiom tells, so kept adjacency as MAYBE and updated falsifier text."
2025-12-24,codex-cli,phase-4,phase-4 falsifier (N02: p10↔p99 plural-noun anchor),2025-12-24T17:03:13Z,2025-12-24T17:18:51Z,16,run/20251215-codex-extraction-pass1,7f60548,"Upgraded p10↔p99 adjacency to LIKELY using a second non-date anchor (Boots singular/plural riff ↔ “jossers” plural-only tool), and updated hypotheses + page notes."
2025-12-24,codex-cli,phase-4,phase-4 falsifier (N02: jossers),2025-12-24T17:24:29Z,2025-12-24T17:38:19Z,14,run/20251215-codex-extraction-pass1,d48439d,"Confirmed \"josser\" slang meaning (\"simple fellow\", C. J. Dennis glossary) and used it to resolve the N02 \"jossers\" tool referent; updated p99/p8 notes, hypotheses, and research_queue."
2025-12-24,codex-cli,phase-4,phase-4 tighten (N02: p46 placement),2025-12-24T17:49:10Z,2025-12-24T17:55:46Z,7,run/20251215-codex-extraction-pass1,f3ce38e,"Strengthened p46’s placement in N02 by adding independent Tom/Jasmine household continuity and upgrading the p88→p46 link (first quarrel → married), while keeping the Dec 14 anchor as a non-adjacency constraint."
2025-12-24,codex-cli,phase-4,phase-4 tighten (N02: mid-Aug chain),2025-12-24T17:49:10Z,2025-12-24T18:04:29Z,15,run/20251215-codex-extraction-pass1,b4714e0,"Tightened N02 by linking p88→p39 via the shared year-tally phrasing (\"how few... in the year\" → \"two all for that year\"), upgrading p39→p10 and p48→p88, and updating the N02 Sequence B accordingly."
2025-12-24,codex-cli,phase-4,phase-4 consolidate (N02: mid-Aug spine),2025-12-24T18:13:48Z,2025-12-24T18:25:16Z,11,run/20251215-codex-extraction-pass1,735346c,"Collapsed N02 sub-sequences into a single mid-Aug spine (p48→p88→p39→p10→p99→p8→p19) and reclassified p46 as a Dec 14 continuation beat (not adjacent); updated related page notes."
2025-12-24,codex-cli,phase-4,phase-4 date cleanup (N02: p19 Balzac),2025-12-24T19:08:08Z,2025-12-24T19:19:16Z,11,run/20251215-codex-extraction-pass1,9a38c2f,"Added a pre-1934 citation for Balzac's 18 Aug 1850 death-date (New International Encyclopædia) and upgraded p19's \"to-day\" anchor to CERTAIN; updated N02 spine rationale + research_queue."
2025-12-24,codex-cli,phase-4,phase-4 date cleanup (N02: p48 to-day anchor),2025-12-24T19:32:03Z,2025-12-24T20:03:02Z,31,run/20251215-codex-extraction-pass1,97b4030,"Confirmed Nahum Tate death date (12 Aug 1715; DNB) and upgraded p48's \"to-day\" anchor from candidate to LIKELY; updated hypotheses + research_queue + page notes."
2025-12-24,codex-cli,phase-4,phase-4 cleanup (N02: p48 note consistency),2025-12-24T20:03:02Z,2025-12-24T20:26:49Z,24,run/20251215-codex-extraction-pass1,4c0bdbf,"Removed remaining \"candidate\" wording in p48 research-needed note to match the upgraded Aug 12 anchor; re-verified page integrity."
2025-12-24,codex-cli,phase-4,phase-4 date cleanup (N02: p39 two-all),2025-12-24T20:53:51Z,2025-12-24T21:36:18Z,42,run/20251215-codex-extraction-pass1,91a5129,"Resolved p39 two-all tie score into p10 third-point bet; updated hypotheses and research_queue; verified pages OK."
2025-12-24,codex-cli,phase-4,phase-4 tighten (N03+N39 sequencing),2025-12-24T21:41:06Z,2025-12-24T21:58:18Z,17,run/20251215-codex-extraction-pass1,89fd1b6,"Promoted N03 p32→p3 and N39 p28→p50 to LIKELY with added rationale; verified pages OK."
2025-12-24,codex-cli,phase-4,phase-4 tighten (N03: p30→p24),2025-12-24T22:02:56Z,2025-12-24T22:08:34Z,6,run/20251215-codex-extraction-pass1,1128da2,"Strengthened N03 Sequence B by linking p30’s suspicion question to p24’s next-day confirmation; verified pages OK."
2025-12-24,codex-cli,phase-4,phase-4 tighten (N07 ordering),2025-12-24T22:12:40Z,2025-12-24T22:31:09Z,18,run/20251215-codex-extraction-pass1,c31cbc5,"Added a tentative internal order for N07 (p97→p93) with falsifiers; verified pages OK."
2025-12-24,codex-cli,phase-4,phase-4 tighten (N06: p83 placement),2025-12-24T22:36:09Z,2025-12-24T22:42:16Z,6,run/20251215-codex-extraction-pass1,283d125,"Promoted N06 p83 as a likely continuation after p75 using the red-rose state progression; verified pages OK."
2025-12-24,codex-cli,phase-4,phase-4 tighten (N06: p71 prelude),2025-12-24T22:42:16Z,2025-12-24T22:53:06Z,11,run/20251215-codex-extraction-pass1,8787ba3,"Clarified p71 as a non-adjacent N06 prelude beat (May/eye-strike) rather than forcing p71→p73 adjacency; verified pages OK."
2025-12-24,codex-cli,phase-4,phase-4 tighten (N06: half-crown prop),2025-12-24T22:59:08Z,2025-12-24T23:12:01Z,13,run/20251215-codex-extraction-pass1,eb02192,"Added a MAYBE half-crown/metallic-object echo as prop-level continuity between p74 and p83; updated hypotheses + objects_motifs; verified pages OK. Also committed a worklog timestamp fix (de27389)."
2025-12-24,codex-cli,phase-4,phase-4 tighten (N06: travel/inheritance echoes),2025-12-24T23:22:15Z,2025-12-24T23:31:25Z,9,run/20251215-codex-extraction-pass1,6488f3a,"Added MAYBE anchors: p83 mal-de-mer ↔ p73 Marseille travel register, and p71 inheritance/Hamlet echo ↔ p73 inherited-name framing; verified pages OK."
2025-12-24,codex-cli,phase-4,phase-4 tighten (N06: p83 metallic object),2025-12-24T23:37:27Z,2025-12-24T23:49:45Z,12,run/20251215-codex-extraction-pass1,1379512,"Treated p83’s dropped “metallic object” as LIKELY a coin/half-crown (vs key/utensil/case) to align with p74’s half-crown simile; updated objects_motifs + page notes; verified pages OK."
2025-12-25,codex-cli,phase-4,phase-4 tighten (N09: p96→p95),2025-12-25T08:35:46Z,2025-12-25T08:47:05Z,11,run/20251215-codex-extraction-pass1,bd74161,"Promoted N09 Sequence B to LIKELY and oriented p96→p95 (café waiting beat → decision to write), preserving falsifiers; verified pages OK."
2025-12-25,codex-cli,phase-4,phase-4 tighten (N09: minute-by-minute anchor),2025-12-25T08:57:23Z,2025-12-25T09:02:58Z,6,run/20251215-codex-extraction-pass1,366a108,"Added explicit time-granularity echo (p69 “every minute” ↔ p95 “hour by hour, day by day”) to strengthen N09 Sequence C; updated falsification check; verified pages OK."
2025-12-25,codex-cli,phase-4,phase-4 tighten (N09: meeting/memory anchor),2025-12-25T09:17:46Z,2025-12-25T09:38:33Z,21,run/20251215-codex-extraction-pass1,cd321bf,"Expanded N09 Sequence C to include p96 before p95 and added a MAYBE memory-trigger/meeting echo linking p68↔p96; updated falsification check; verified pages OK."
2025-12-25,codex-cli,phase-4,phase-4 scan (N09: concrete anchor search),2025-12-25T09:43:22Z,2025-12-25T10:18:26Z,35,run/20251215-codex-extraction-pass1,,"Searched corpus for additional concrete prop/phrase anchors tying N09 p68/p69 to p96/p95/p70; no new non-generic anchors found; no puzzle-state edits."
2025-12-25,codex-cli,phase-4,phase-4 tighten (N29: p27↔p37 overlap),2025-12-25T11:09:16Z,2025-12-25T11:28:31Z,19,run/20251215-codex-extraction-pass1,1428cae,"Added MAYBE p27↔p37 overlap to N29 (Death… fingered + Shrewsbury lock‑up “this time” hearing contrast), with tentative internal order + falsifiers; verified pages OK."
2025-12-25,codex-cli,phase-4,phase-4 falsify (N29: p27↔p37 overlap),2025-12-25T11:37:23Z,2025-12-25T11:48:58Z,12,run/20251215-codex-extraction-pass1,b2dec6a,"Ran N29 falsifier scan and found no shared anchors beyond Death… fingered + Shrewsbury “this time” hearing contrast; queued quote-source research; verified pages OK."
2025-12-25,codex-cli,phase-4,phase-4 tighten (N02: Flora lead-in),2025-12-25T11:53:51Z,2025-12-25T12:13:29Z,20,run/20251215-codex-extraction-pass1,717d1c8,"Linked N02 p22→p79 into the mid‑August spine via Lagopus season lead-in + May/Crataegus wordplay, and reframed p46 as a Dec 14 coda; verified pages OK."
2025-12-25,codex-cli,phase-4,phase-4 falsify (N25: innocent child echo),2025-12-25T12:16:23Z,2025-12-25T12:24:49Z,8,run/20251215-codex-extraction-pass1,a545784,"Confirmed “innocent child” phrasing occurs only on p34 and p52, supporting a same-voice link, but kept debts vignette and interview run non-adjacent pending a second shared prop/setting marker; verified pages OK."
2025-12-25,codex-cli,phase-4,phase-4 falsify (N21: verandah/Rains quote),2025-12-25T12:30:01Z,2025-12-25T16:39:46Z,250,run/20251215-codex-extraction-pass1,4b762c9,"Identified p47’s verandah/black-blue-clouds passage as a Kipling quotation (Plain Tales from the Hills), reducing its value as a scene-setting anchor; updated N21 notes + indices; verified pages OK."
2025-12-25,codex-cli,phase-4,phase-4 falsify (N21: p47 silver frogs),2025-12-25T16:51:57Z,2025-12-25T17:02:06Z,10,run/20251215-codex-extraction-pass1,1d04eff,"Checked p47 “silver frogs”/“twin cataracts” imagery for sources (no exact match beyond CJ; found “little silver frogs” phrase in Notes and Queries 1868 in unrelated context) and recorded as non-anchor; verified pages OK."
2025-12-25,codex-cli,phase-4,phase-4 research (p47: Babs),2025-12-25T17:08:40Z,2025-12-25T17:40:15Z,32,run/20251215-codex-extraction-pass1,b200055,"Added a candidate allusion lead for p47’s “Babs” and queued it for follow-up; verified pages OK."
2025-12-25,codex-cli,phase-4,phase-4 research (p47: Babs allusion),2025-12-25T17:48:32Z,2025-12-25T17:56:23Z,8,run/20251215-codex-extraction-pass1,ce9f60c,"Confirmed Babs as a likely Sarah Grand allusive nickname via period review snippets (Google Books) and marked the research item resolved; verified pages OK."
2025-12-25,codex-cli,phase-4,phase-4 falsify (N21: p47 “she” ↔ p42 woman),2025-12-25T18:05:31Z,2025-12-25T18:20:41Z,15,run/20251215-codex-extraction-pass1,fd921fd,"Searched for a second independent continuity marker tying p47’s “she” to p42’s tall woman (Julienne?/golden lashes/jaguar/lace/cocktails) and found no phrase-level repeat beyond Henry; verified pages OK."
2025-12-25,codex-cli,phase-4,phase-4 tighten (Blake p49→p13 lock),2025-12-25T18:56:55Z,2025-12-25T19:20:09Z,23,run/20251215-codex-extraction-pass1,2ef2fc8,"Confirmed the Blake excerpt source (Europe a Prophecy) and recorded the quote-continuation lock from p49 into p13; updated hypotheses and indices; verified pages OK."
2025-12-25,codex-cli,phase-4,phase-4 reconcile (N20: p13→p31),2025-12-25T19:52:22Z,2025-12-25T20:13:08Z,21,run/20251215-codex-extraction-pass1,3c9cfe0,"Reconciled N20 internal order as p13→p31 under the p49→p13 Blake lock; updated page notes and hypotheses; verified pages OK."
2025-12-25,codex-cli,phase-4,phase-4 falsify (N20: anchor scan),2025-12-25T20:21:10Z,2025-12-25T20:27:01Z,6,run/20251215-codex-extraction-pass1,02bfcb0,"Scanned page bodies for N20 anchors (Bloomsbury/Newdigate/1597 conduit/nomenclature/Caseus/hip pocket) and found no third-page matches beyond p13 and p31; recorded as tight two-page incident; verified pages OK."
2025-12-25,codex-cli,phase-4,phase-4 research (N29: Death fingered source),2025-12-25T20:30:59Z,2025-12-25T20:56:07Z,25,run/20251215-codex-extraction-pass1,1831b0d,"Tried to source p27/p37 “Death… fingered” phrasing via Wikisource (no match) and marked the quote item stalled; updated N29 falsifier notes + indices; verified pages OK."
2025-12-25,codex-cli,phase-4,phase-4 tighten (N03),2025-12-25T21:04:03Z,2025-12-25T21:16:13Z,12,run/20251215-codex-extraction-pass1,3f70788,"Tightened N03 by promoting p30 into the core pages list, clarifying the two internal sub-strands (p32→p3 and p30→p24), and recording an anchor-scan falsifier; verified pages OK."
2025-12-25,codex-cli,phase-4,phase-4 falsify (p24 vs N13),2025-12-25T21:25:17Z,2025-12-25T21:33:02Z,8,run/20251215-codex-extraction-pass1,c0ca346,"Checked p24 for independent N13 anchors and found none beyond the Yeats quote-key + Caroline name overlap; kept p24 in N03 and documented as quote-key/homonym overlap only; verified pages OK."
2025-12-25,codex-cli,phase-4,phase-4 falsify (N03: p27 anchors),2025-12-25T21:38:11Z,2025-12-25T21:42:14Z,4,run/20251215-codex-extraction-pass1,8c9a403,"Scanned all page bodies for p27-specific anchors (Peaberry Mysore/Blue Mountain/lock-up on the Severn/etc.) and found no repeats; recorded p27 as unplaced within N03 pending a second independent anchor; verified pages OK."
2025-12-25,codex-cli,phase-4,phase-4 tighten (N12 poison ordering),2025-12-25T21:51:55Z,2025-12-25T22:07:48Z,16,run/20251215-codex-extraction-pass1,c42e3ed,"Upgraded N12 Calabar sequence p21→p36 to CERTAIN; linked p36→p29 via physostigma discard and marked p6↔p29 spare-room anchor as LIKELY (direction TBD); verified pages OK."
2025-12-25,codex-cli,phase-4,phase-4 falsify (N12: Henry identity),2025-12-25T22:13:22Z,2025-12-25T22:30:33Z,17,run/20251215-codex-extraction-pass1,bd215ae,"Stress-tested whether “Henry” is a single in-world person across N12 sub-strands; recorded as incompatible roles (killer/suspect under pursuit vs “peerless investigator”) so name-only matches aren’t binding; verified pages OK."
2025-12-25,codex-cli,phase-4,phase-4 tighten (N12 bridges),2025-12-25T22:33:42Z,2025-12-25T22:43:15Z,10,run/20251215-codex-extraction-pass1,571c325,"Found two strong non-name bridges within N12: p29↔p35 via rare “drawing towards a close” phrasing (+ “one never knew”), and p36↔p59 via unique “awkward” phrasing; updated hypotheses + page notes; verified pages OK."
2025-12-25,codex-cli,phase-4,phase-4 tighten (N12 bridge direction),2025-12-25T22:51:38Z,2025-12-25T22:55:51Z,4,run/20251215-codex-extraction-pass1,b8b369e,"Converted the two N12 bridge links into tentative directional orders: p29→p35 (drawing towards a close reprise) and p36→p59 (awkward + poison-failure with added police scrutiny); verified pages OK."
2025-12-25,codex-cli,phase-4,phase-4 planning (next focus),2025-12-25T23:04:40Z,2025-12-25T23:05:46Z,1,run/20251215-codex-extraction-pass1,6f7ae69,"Outlined phase-4 priorities for next internal-order work; no puzzle-state changes."
2025-12-25,codex-cli,phase-4,phase-4 tighten (N02 lead-in + bridge),2025-12-25T23:15:31Z,2025-12-25T23:30:43Z,15,run/20251215-codex-extraction-pass1,3088f3a,"Tightened N02 lead-in (p22→p79→p48) and downgraded p10↔p99 to MAYBE; verified pages OK."
2025-12-26,codex-cli,phase-4,phase-4 falsify (N02 coda bridge),2025-12-26T06:28:14Z,2025-12-26T06:51:32Z,23,run/20251215-codex-extraction-pass1,b03b82b,"Searched for p46 distinctive anchors to identify an intermediate N02 autumn bridge page and found none; kept p46 as a tentative late-year coda; verified pages OK."
2025-12-26,codex-cli,phase-4,phase-4 tighten (N16 Typhoon hinge),2025-12-26T06:59:32Z,2025-12-26T07:21:38Z,22,run/20251215-codex-extraction-pass1,aebe3f8,"Upgraded N16 Typhoon hinge to LIKELY (p7→p45) and downgraded p44→p45 to MAYBE; updated page notes and verified pages OK."
2025-12-26,codex-cli,phase-4,phase-4 tighten (N09 ordering),2025-12-26T07:29:51Z,2025-12-26T07:46:26Z,17,run/20251215-codex-extraction-pass1,f348e27,"Strengthened N09 internal sequences (added infancy↔knee anchor for p95→p70; added p68→p69 sequence) and updated page notes; verified pages OK."
2025-12-27,codex-cli,phase-4,phase-4 tighten (N10 ordering),2025-12-27T12:29:56Z,2025-12-27T12:45:24Z,15,run/20251215-codex-extraction-pass1,00571f9,"Promoted N10 within-cluster ordering (p14→p12) and verified pages OK."
2025-12-27,codex-cli,phase-4,phase-4 tighten (N26 ordering),2025-12-27T12:53:07Z,2025-12-27T12:57:06Z,4,run/20251215-codex-extraction-pass1,5abf174,"Ordered N26 morning/breakfast pair (p56→p54) and verified pages OK."
2025-12-27,codex-cli,phase-4,phase-4 tighten (N32 ordering),2025-12-27T12:59:36Z,2025-12-27T13:08:43Z,9,run/20251215-codex-extraction-pass1,fb805b7,"Ordered N32 internal join (p65→p90) and verified pages OK."
2025-12-27,codex-cli,phase-4,phase-4 tighten (N34 ordering),2025-12-27T13:10:19Z,2025-12-27T13:15:29Z,5,run/20251215-codex-extraction-pass1,584351f,"Added N34 MAYBE ordering (p25→p20), updated page notes, and verified pages OK."
2025-12-27,codex-cli,phase-4,phase-4 tighten (N32 ordering),2025-12-27T13:16:17Z,2025-12-27T13:19:06Z,3,run/20251215-codex-extraction-pass1,5041b85,"Added N32 MAYBE internal ordering (p90→p89) and verified pages OK."
2025-12-27,codex-cli,phase-4,phase-4 tighten (N16 ordering),2025-12-27T13:26:15Z,2025-12-27T13:32:11Z,6,run/20251215-codex-extraction-pass1,727fc5e,"Upgraded N16 internal ordering (p44→p45) to LIKELY, updated page notes, and verified pages OK."
2025-12-27,codex-cli,phase-4,phase-4 tighten (N02 Mr. Hall knob),2025-12-27T13:38:18Z,2025-12-27T13:40:22Z,2,run/20251215-codex-extraction-pass1,f767ca7,"Locked the Mr. Hall knob scene-mechanic adjacency (p8→p19) as CERTAIN and verified pages OK."
2025-12-27,codex-cli,phase-4,phase-4 tighten (N02 ordering),2025-12-27T13:42:50Z,2025-12-27T13:49:30Z,7,run/20251215-codex-extraction-pass1,ee02285,"Locked N02 local adjacencies (p99→p8, p22→p79) as CERTAIN and verified pages OK."
2025-12-27,codex-cli,phase-4,phase-4 tighten (N02 ordering),2025-12-27T14:00:31Z,2025-12-27T14:03:37Z,3,run/20251215-codex-extraction-pass1,dcf12f9,"Upgraded N02 weakest link (p10→p99) to LIKELY and verified pages OK."
2025-12-27,codex-cli,phase-4,phase-4 tighten (N02 ordering),2025-12-27T14:16:44Z,2025-12-27T14:26:29Z,10,run/20251215-codex-extraction-pass1,c65499c,"Upgraded N02 adjacency (p10→p99) to CERTAIN and verified pages OK."
2025-12-27,codex-cli,phase-4,phase-4 tighten (N02 ordering),2025-12-27T14:30:18Z,2025-12-27T14:37:04Z,7,run/20251215-codex-extraction-pass1,2d011e9,"Locked N02 lead-in adjacency (p79→p48) using the Aug 12 grouse-season (“Glorious Twelfth”) cue, updated notes, and verified pages OK."
2025-12-27,codex-cli,phase-4,phase-4 tighten (N02 ordering),2025-12-27T14:39:35Z,2025-12-27T14:41:29Z,2,run/20251215-codex-extraction-pass1,12d7858,"Upgraded N02 adjacency (p88→p39) to CERTAIN, updated page notes, and verified pages OK."
2025-12-27,codex-cli,phase-4,phase-4 tighten (N02 ordering),2025-12-27T14:42:40Z,2025-12-27T14:44:39Z,2,run/20251215-codex-extraction-pass1,c10e1d2,"Upgraded N02 adjacency (p48→p88) to CERTAIN, updated page notes, and verified pages OK."
2025-12-27,codex-cli,phase-4,phase-4 tighten (N02 ordering),2025-12-27T14:46:02Z,2025-12-27T14:47:20Z,1,run/20251215-codex-extraction-pass1,851ffe4,"Upgraded N02 adjacency (p39→p10) to CERTAIN, updated page notes, and verified pages OK."
2025-12-27,codex-cli,phase-4,phase-4 tighten (N02 coda placement),2025-12-27T14:52:05Z,2025-12-27T14:58:16Z,6,run/20251215-codex-extraction-pass1,6938d34,"Tightened N02 coda: placed p46 as a late-year (Dec 14) coda after the Aug 12→18 run, updated hypotheses + page notes, and verified pages OK."
2025-12-27,codex-cli,phase-4,phase-4 tighten (N32 ordering),2025-12-27T15:00:57Z,2025-12-27T15:03:43Z,3,run/20251215-codex-extraction-pass1,f4a7a29,"Upgraded N32 Sequence B (p90→p89) to CERTAIN, updated page notes, and verified pages OK."
2025-12-27,codex-cli,phase-4,phase-4 review (status + next steps),2025-12-27T15:07:12Z,2025-12-27T15:12:58Z,6,run/20251215-codex-extraction-pass1,66b1df2,"Reviewed Phase 4 progress metrics (clusters/sequences/pages coverage), checked cast + murder-confidence ledgers, and identified potential earlier-phase revisits (targeted research for stalled items; deeper extraction on unsequenced pages)."
2025-12-27,codex-cli,phase-2,phase-2 clear stalled research items,2025-12-27T15:34:09Z,2025-12-27T16:30:23Z,56,run/20251215-codex-extraction-pass1,b40ee56,"Resolved stalled research_queue items and updated quotes/places indices (Red Wise silver-frogs source; Havelock statue; Quarry Hills)."
2025-12-27,codex-cli,phase-3,phase-3 cluster hygiene (N16/N02),2025-12-27T16:44:06Z,2025-12-27T16:52:27Z,8,run/20251215-codex-extraction-pass1,dec2f1f,"Hardened Phase 3 cluster boundaries (N16 p55 edge-overlap; N02 p8 weakest fit) and clarified Henry/May/Alexander ambiguity in the people index."
2025-12-27,codex-cli,phase-4,phase-4 tighten (N16),2025-12-27T17:01:02Z,2025-12-27T17:06:40Z,6,run/20251215-codex-extraction-pass1,5fc1efa,"Upgraded N16 Typhoon lock (p7→p45) to CERTAIN, downgraded p44/p55 placement, updated notes, and verified pages OK."
2025-12-27,codex-cli,phase-4,phase-4 tighten (N16),2025-12-27T17:11:57Z,2025-12-27T17:21:42Z,10,run/20251215-codex-extraction-pass1,0fe16ee,"Strengthened the N16 Typhoon lock with the Poles→half Pole boundary hinge and recorded the adjacency consistently across hypotheses, page notes, and narrators."
2025-12-27,codex-cli,phase-4,phase-4 tighten (N16),2025-12-27T17:31:31Z,2025-12-27T17:33:19Z,2,run/20251215-codex-extraction-pass1,611fccc,"Added two explicit in-cluster alternatives for p44 placement around the CERTAIN p7→p45 Typhoon lock and updated page notes; verified pages OK."
2025-12-27,codex-cli,phase-4,phase-4 tighten (N16),2025-12-27T18:27:21Z,2025-12-27T18:28:53Z,2,run/20251215-codex-extraction-pass1,608a6aa,"Upgraded the p7→p45→p44 debrief reading to LIKELY while keeping the reverse placement as a MAYBE alternative; verified pages OK."
2025-12-27,codex-cli,phase-4,phase-4 tighten (N16),2025-12-27T18:34:59Z,2025-12-27T18:45:48Z,11,run/20251215-codex-extraction-pass1,6c1c084,"Added Henry-name uncertainty→clarification support for N16 p45→p44 and updated related notes; verified pages OK."
2025-12-27,codex-cli,phase-4,phase-4 tighten (N16),2025-12-27T19:38:54Z,2025-12-27T19:42:20Z,3,run/20251215-codex-extraction-pass1,f704f47,"Recorded a phrase-level continuation candidate after p45 (girl left Henry) as deferred stitching material; verified pages OK."
2025-12-27,codex-cli,phase-4,phase-4 tighten (N02),2025-12-27T19:47:52Z,2025-12-27T19:54:12Z,6,run/20251215-codex-extraction-pass1,38375b1,"Added an explicit N02 lead-in (p22→p79→p48) and strengthened the late-year coda rationale with the Jasmine/"not the one I killed" echo; verified pages OK."
2025-12-27,codex-cli,phase-4,phase-4 tighten (N02),2025-12-27T19:59:52Z,2025-12-27T20:06:44Z,7,run/20251215-codex-extraction-pass1,1860a38,"Updated p10 notes to reflect resolved Jasmine’s day (Aug 14) and Etam sizing, and strengthened the N02 spine rationale; verified pages OK."
2025-12-27,codex-cli,phase-4,phase-4 tighten (N02),2025-12-27T20:15:27Z,2025-12-27T20:16:54Z,1,run/20251215-codex-extraction-pass1,01cdce2,"Upgraded p8 from MAYBE→LIKELY in N02 based on additional dog-coded tells plus the Mr. Hall/bow continuity; verified pages OK."
2025-12-27,codex-cli,phase-4,phase-4 tighten (N02),2025-12-27T20:24:28Z,2025-12-27T20:29:45Z,5,run/20251215-codex-extraction-pass1,39423d7,"Clarified that p22→p79 is order-only (non-adjacent) and reinforced the N02 late-year coda as non-adjacent; verified pages OK."
2025-12-27,codex-cli,phase-4,phase-4 tighten (N02),2025-12-27T20:38:08Z,2025-12-27T20:43:43Z,6,run/20251215-codex-extraction-pass1,1ab392a,"Pinned p79 as a LIKELY Aug 11 eve lead-in and clarified the June-15 gap for p22→p79; verified pages OK."
2025-12-27,codex-cli,phase-4,phase-4 tighten (N02),2025-12-27T20:47:19Z,2025-12-27T20:52:12Z,5,run/20251215-codex-extraction-pass1,836cca4,"No new bridge page found for p46, but strengthened the p19↔p46 link via shared Skye/pedigree register; verified pages OK."
2025-12-27,codex-cli,phase-4,phase-4 hunt (N02 bridge),2025-12-27T21:01:16Z,2025-12-27T21:01:44Z,0,run/20251215-codex-extraction-pass1,05a3bb8,"Flagged p57 as a MAYBE N02 overlap/bridge candidate and verified pages OK."
2025-12-27,codex-cli,phase-4,phase-4 hunt (p57 bridge test),2025-12-27T21:04:31Z,2025-12-27T21:07:43Z,3,run/20251215-codex-extraction-pass1,55d98ea,"Downgraded p57 to a MAYBE extension of N25 and preserved it as a possible N02 bridge candidate; verified pages OK."
2025-12-27,codex-cli,phase-2,research (p57 Armadale Castle date hook),2025-12-27T21:14:51Z,2025-12-27T21:35:48Z,21,run/20251215-codex-extraction-pass1,723877e,"Added Lloyd’s Register build year (1903) for the Union-Castle steamer Armadale Castle and updated p57 notes/indices; verified pages OK."
2025-12-27,codex-cli,phase-2,research (p45/p76 wording clarifications),2025-12-27T21:42:24Z,2025-12-27T21:57:46Z,15,run/20251215-codex-extraction-pass1,601a4f5,"Resolved p45 “usually up the first half” as French polish wordplay and pinned p76’s De Quincey “tooling” reference; updated indices and verified pages OK."
2025-12-27,codex-cli,phase-2,research (p75/p91/p95 quote cleanup),2025-12-27T22:00:00Z,2025-12-27T22:05:26Z,5,run/20251215-codex-extraction-pass1,0a0d04e,"Pinned Gerard’s Calendula line (1597) for p75 and closed the remaining p91/p95 quote items as in-world colour/wordplay; verified pages OK."
2025-12-27,codex-cli,phase-2,research (p75 May=hawthorn),2025-12-27T22:08:19Z,2025-12-27T22:13:08Z,5,run/20251215-codex-extraction-pass1,83bbba8,"Clarified p75’s “the May” as hawthorn/May-blossom (not P16) and updated motifs/people indices; verified pages OK."
2025-12-27,codex-cli,phase-2,research (p79 flush as May),2025-12-27T22:26:20Z,2025-12-27T22:35:20Z,9,run/20251215-codex-extraction-pass1,c35b106,"Pinned p79’s “flush as May” simile to Hamlet (Act III) and updated quotes index; verified pages OK."
2025-12-27,codex-cli,phase-3,phase-3 cluster tighten (N16/N02),2025-12-27T22:40:53Z,2025-12-27T22:49:35Z,9,run/20251215-codex-extraction-pass1,220fd16,"Strengthened N16 p55 smell linkage and updated narrator notes (incl. N02 Hamlet allusion); verified pages OK."
2025-12-27,codex-cli,phase-3,phase-3 cluster tighten (N16 p26),2025-12-27T22:50:51Z,2025-12-27T22:56:29Z,6,run/20251215-codex-extraction-pass1,bf5086f,"Added p26 to N16 via the shared Hodge anchor and updated notes/indices; verified pages OK."
2025-12-27,codex-cli,phase-3,phase-3 cluster update (N16 p26 overlap),2025-12-27T23:01:20Z,2025-12-27T23:09:55Z,9,run/20251215-codex-extraction-pass1,8a1e084,"Updated Order/hypotheses N16 cluster to include p26 overlap and kept disambiguation explicit; verified pages OK."
2025-12-27,codex-cli,phase-3,phase-3 cluster tighten (p57 N02 vs N25),2025-12-27T23:11:07Z,2025-12-27T23:22:19Z,11,run/20251215-codex-extraction-pass1,5a5ecfc,"Moved p57 from N25 overlap to a MAYBE N02 extension (dog-as-listener + “my people” Skye hint) and updated narrators/hypotheses; verified pages OK."
2025-12-27,codex-cli,phase-3,phase-3 dedupe narrator overlaps (p26,p27),2025-12-27T23:26:58Z,2025-12-27T23:43:16Z,16,run/20251215-codex-extraction-pass1,a88f596,"Removed duplicate narrator assignments for p26 and p27 (N12/N16 and N03/N29) and updated hypotheses to treat them as overlap hinges; verified pages OK."
2025-12-28,codex-cli,phase-3,phase-3 cluster tighten (MAYBE extensions sweep),2025-12-28T09:10:29Z,2025-12-28T09:26:24Z,16,run/20251215-codex-extraction-pass1,39a48f6,"Standardized MAYBE-extension tagging (incl. N02 p8) and synced botany/poison hypotheses; verified pages OK."
2025-12-28,codex-cli,phase-3,phase-3 squeeze (promote core pages),2025-12-28T09:48:15Z,2025-12-28T09:59:21Z,11,run/20251215-codex-extraction-pass1,f450899,"Promoted p49 and p62 to core narrator membership and tightened N03/N20/N32 cluster lists; verified pages OK."
2025-12-28,codex-cli,phase-3,phase-3 squeeze (macro cluster consistency),2025-12-28T10:01:13Z,2025-12-28T10:02:50Z,2,run/20251215-codex-extraction-pass1,24aff60,"Aligned Dog POV macro-cluster page list with N02 by tagging p8 as a MAYBE extension; verified pages OK."
2025-12-28,codex-cli,phase-3,phase-3 squeeze (N10/N08 tighten),2025-12-28T10:10:49Z,2025-12-28T10:16:50Z,6,run/20251215-codex-extraction-pass1,56e1e2d,"Promoted N10 to LIKELY and aligned N08 cluster listing with MAYBE-extension status for p82; verified pages OK."
2025-12-28,codex-cli,phase-3,phase-3 squeeze (promote p80),2025-12-28T10:10:49Z,2025-12-28T10:33:11Z,22,run/20251215-codex-extraction-pass1,fec968f,"Promoted p80 to core N12 membership (Trinder/awkward/poison-hosting anchors) and synced hypotheses; verified pages OK."
2025-12-28,codex-cli,phase-3,phase-3 squeeze (promote core memberships),2025-12-28T10:34:55Z,2025-12-28T10:56:23Z,21,run/20251215-codex-extraction-pass1,909670c,"Promoted p8/p57/p82/p47 to core narrator membership in N02/N08/N21 and synced hypotheses; verified pages OK."
2025-12-28,codex-cli,phase-3,phase-3 squeeze (p71 N06),2025-12-28T11:04:26Z,2025-12-28T11:12:26Z,8,run/20251215-codex-extraction-pass1,66addd3,"Tightened p71 as a MAYBE N06 extension (May/eye stress + rhetoric) and clarified falsifiers; verified pages OK."
2025-12-28,codex-cli,phase-3,phase-3 squeeze (p15 N08),2025-12-28T11:17:02Z,2025-12-28T11:19:55Z,3,run/20251215-codex-extraction-pass1,af5bd6a,"Promoted p15 to core N08 membership (Bart↔Bartholomew + 21:00 pun) and removed ordering-style language; verified pages OK."
2025-12-28,codex-cli,phase-3,phase-3 squeeze (p71 N06 promote),2025-12-28T11:26:02Z,2025-12-28T11:30:40Z,5,run/20251215-codex-extraction-pass1,2a9e5fa,"Promoted p71 to core N06 membership (May/eye stress + botanical fixation) and removed remaining MAYBE-extension tagging; verified pages OK."
2025-12-28,codex-cli,phase-3,phase-3 consistency sweep (p100 overlap),2025-12-28T11:47:55Z,2025-12-28T11:52:35Z,5,run/20251215-codex-extraction-pass1,507ac0b,"Moved p100 from N08/N11 Pages lines into overlap candidates; verified pages OK."
2025-12-28,codex-cli,phase-3,phase-3 macro overlap sync,2025-12-28T11:58:30Z,2025-12-28T12:02:46Z,4,run/20251215-codex-extraction-pass1,6267a52,"Synced macro overlap map and bridge audit to include p57 as Dog POV ↔ Paper/money; verified pages OK."
2025-12-28,codex-cli,phase-3,phase-3 tighten N16 notes,2025-12-28T12:04:01Z,2025-12-28T12:11:02Z,7,run/20251215-codex-extraction-pass1,c736423,"Rephrased N16 page notes to use clustering hypotheses (no ordering language) and synced narrator index; verified pages OK."
2025-12-28,codex-cli,phase-3,phase-3 tighten N02 notes,2025-12-28T12:12:07Z,2025-12-28T12:19:15Z,7,run/20251215-codex-extraction-pass1,b57028d,"Rephrased N02 page notes to be clustering-only and captured p57 as Dog POV ↔ Paper/money overlap; verified pages OK."
2025-12-28,codex-cli,phase-3,phase-3 tighten N06 notes,2025-12-28T12:22:45Z,2025-12-28T12:26:07Z,3,run/20251215-codex-extraction-pass1,71843cd,"Rephrased N06 page notes (p73/p74/p75/p83) to clustering-only and removed arrow-order language from narrator index; verified pages OK."
2025-12-28,codex-cli,phase-3,phase-3 tighten N08 notes,2025-12-28T12:30:38Z,2025-12-28T12:33:36Z,3,run/20251215-codex-extraction-pass1,4b4981f,"Rephrased N08 page notes (p82/p85/p94) to clustering-only; verified pages OK."
2025-12-28,codex-cli,phase-3,phase-3 repo-wide heading sweep,2025-12-28T12:35:46Z,2025-12-28T12:37:59Z,2,run/20251215-codex-extraction-pass1,fc3e56f,"Renamed page-note Ordering hypotheses headings to Clustering hypotheses across Pages; verified pages OK."
2025-12-28,codex-cli,phase-3,phase-3 tighten N21 clustering,2025-12-28T12:39:52Z,2025-12-28T12:43:49Z,4,run/20251215-codex-extraction-pass1,8553817,"Removed residual ordering-language from N21 page notes and strengthened stanza-continuation constraint wording; verified pages OK."
2025-12-28,codex-cli,phase-3,phase-3 neutralize page-order language,2025-12-28T12:46:23Z,2025-12-28T12:51:32Z,5,run/20251215-codex-extraction-pass1,2e9d8ad,"Removed directional page-to-page words/arrows from page notes (kept continuity hooks neutral); verified pages OK."
2025-12-28,codex-cli,phase-3,phase-3 constraints inventory,2025-12-28T13:08:41Z,2025-12-28T13:25:23Z,17,run/20251215-codex-extraction-pass1,f89a77c,"Added Phase 3 directionless constraints inventory in Order/hypotheses.md; clarified continuity-constraint phrasing on pages 23/66/89/90; verified pages OK. (Also: 36ba2c9.)"
2025-12-28,codex-cli,phase-3,phase-3 harvest hard locks,2025-12-28T13:51:48Z,2025-12-28T14:02:38Z,11,run/20251215-codex-extraction-pass1,22c4153,"Expanded Order/hypotheses.md Phase 3 constraints inventory with all remaining hard page-to-page locks already recorded in Pages/*; verified pages OK."
2025-12-28,codex-cli,phase-3,phase-3 harvest additional page locks,2025-12-28T14:03:00Z,2025-12-28T14:13:50Z,11,run/20251215-codex-extraction-pass1,b1c1801,"Expanded Phase 3 constraints inventory with additional strong page-to-page locks already recorded in page notes; verified pages OK (start time estimated)."
2025-12-28,codex-cli,phase-3,phase-3 audit page-note link coverage,2025-12-28T14:16:45Z,2025-12-28T14:18:56Z,2,run/20251215-codex-extraction-pass1,6634611,"Checked all CERTAIN/LIKELY page-note \"links strongly with\" pairs and confirmed each appears exactly once in the Phase 3 constraints inventory; no changes needed."
2025-12-28,codex-cli,phase-3,phase-3 add constraint narrator index,2025-12-28T14:22:27Z,2025-12-28T14:26:57Z,5,run/20251215-codex-extraction-pass1,6dc484e,"Added a constraint-to-narrator cross-index under the Phase 3 constraints inventory to surface cross-narrator joins; verified pages OK."
2025-12-28,codex-cli,phase-3,phase-3 tighten N02 constraints inventory,2025-12-28T14:32:48Z,2025-12-28T14:45:12Z,12,run/20251215-codex-extraction-pass1,0cca9d2,"Upgraded key N02 continuity locks in the Phase 3 constraints inventory (p99↔p8, p39↔p10, p39↔p88) and synced the narrator cross-index; verified pages OK."
2025-12-28,codex-cli,phase-3,phase-3 tighten N32 constraints (p65/p89/p90),2025-12-28T14:49:22Z,2025-12-28T14:55:01Z,6,run/20251215-codex-extraction-pass1,8aec15a,"Upgraded p65↔p90 to CERTAIN, refined the p89↔p90 anchor/falsifier, and aligned N32 page notes; verified pages OK."
2025-12-28,codex-cli,phase-3,phase-3 upgrade N26 constraint (p54/p56),2025-12-28T15:00:23Z,2025-12-28T15:03:42Z,3,run/20251215-codex-extraction-pass1,7a3f17f,"Promoted the p54↔p56 shared parenthetical hinge to CERTAIN across the constraints inventory, N26 narrator entry, and page notes; verified pages OK."
2025-12-28,codex-cli,phase-3,phase-3 upgrade N25 constraint (p52/p53),2025-12-28T15:07:25Z,2025-12-28T15:11:19Z,4,run/20251215-codex-extraction-pass1,6f36476,"Promoted the p52↔p53 interview/Trinder continuity lock to CERTAIN in the constraints inventory and aligned both page notes; verified pages OK."
2025-12-28,codex-cli,phase-3,phase-3 tighten cross-narrator p26/p58,2025-12-28T15:16:10Z,2025-12-28T15:22:14Z,6,run/20251215-codex-extraction-pass1,019a521,"Demoted the p26↔p58 cross-narrator Henry kill-count link to a falsifiable candidate overlap and aligned page notes; verified pages OK."
2025-12-28,codex-cli,phase-3,phase-3 upgrade Calabar/physostigma locks,2025-12-28T15:24:58Z,2025-12-28T15:30:18Z,5,run/20251215-codex-extraction-pass1,ef902f6,"Promoted p21↔p36 and p29↔p36 Calabar/physostigma continuity constraints to CERTAIN and aligned page notes/cross-index; verified pages OK."
2025-12-28,codex-cli,phase-3,phase-3 upgrade p59/p60 lock,2025-12-28T15:32:38Z,2025-12-28T15:34:53Z,2,run/20251215-codex-extraction-pass1,f5d04c2,"Promoted p59↔p60 (bane failed → succeeded) to CERTAIN and aligned page notes/cross-index; verified pages OK."
2025-12-28,codex-cli,phase-3,phase-3 upgrade p33/p34 lock,2025-12-28T15:36:44Z,2025-12-28T15:39:07Z,2,run/20251215-codex-extraction-pass1,ad06266,"Promoted p33↔p34 debts/bills continuity to CERTAIN and aligned page notes/cross-index; verified pages OK."
2025-12-28,codex-cli,phase-3,phase-3 harvest remaining locks,2025-12-28T15:44:50Z,2025-12-28T16:00:39Z,16,run/20251215-codex-extraction-pass1,0e1ef9f,"Added remaining page↔page locks already noted in page notes (p4↔p5, p29↔p35, p36↔p59), upgraded p26↔p44 to CERTAIN, added p26↔p45, aligned page notes/cross-index; verified pages OK."
2025-12-28,codex-cli,phase-3,phase-3 tighten constraints (p48/p88; p61/p64; p70/p95),2025-12-28T16:04:18Z,2025-12-28T16:12:58Z,9,run/20251215-codex-extraction-pass1,8415374,"Promoted p48↔p88 (Tate), p61↔p64 (Great Lexicographer), and p70↔p95 (letter/account) to CERTAIN; fixed p26↔p44 cross-index confidence; aligned page notes; verified pages OK."
2025-12-28,codex-cli,phase-3,phase-3 upgrade p17/p43 lock,2025-12-28T16:17:06Z,2025-12-28T16:18:50Z,2,run/20251215-codex-extraction-pass1,c5d916c,"Promoted p17↔p43 (Moon/Dawn venues + hand cue) to CERTAIN in the constraints inventory and cross-index, aligned both page notes; verified pages OK."
2025-12-28,codex-cli,phase-3,phase-3 upgrade p89/p90 constraint,2025-12-28T16:21:14Z,2025-12-28T16:26:01Z,5,run/20251215-codex-extraction-pass1,a6834bd,Promoted p89↔p90 (unique deer set-piece: collops/Spey Royal/deer-stalker/soigné/parquet) to CERTAIN in constraints inventory + cross-index; aligned both page notes; verified pages OK.
2025-12-28,codex-cli,phase-3,phase-3 upgrade p85/p94 King lock,2025-12-28T16:27:33Z,2025-12-28T16:34:02Z,7,run/20251215-codex-extraction-pass1,1856634,Promoted p85↔p94 (King/Kipling name-jibe ↔ “my own name” window-sign; Henry in-scene) to CERTAIN in constraints inventory + cross-index; aligned both page notes; verified pages OK.
2025-12-28,codex-cli,phase-3,phase-3 upgrade p13/p31 Grantham lock,2025-12-28T16:36:52Z,2025-12-28T16:39:10Z,2,run/20251215-codex-extraction-pass1,f334d40,Promoted p13↔p31 (unique Grantham “conduit dating from 1597” market-place anchor) to CERTAIN in constraints inventory + cross-index; aligned both page notes; verified pages OK.
2025-12-28,codex-cli,phase-3,phase-3 upgrade p11/p41 dog-watch lock,2025-12-28T16:42:28Z,2025-12-28T16:44:51Z,2,run/20251215-codex-extraction-pass1,6f437d8,Promoted p11↔p41 (Orchard + dog-watch + Selfridges/Bond Street patch) to CERTAIN in constraints inventory + cross-index; aligned both page notes; verified pages OK.
2025-12-28,codex-cli,phase-3,phase-3 upgrade p24/p30 suspicion lock,2025-12-28T16:45:48Z,2025-12-28T16:47:58Z,2,run/20251215-codex-extraction-pass1,61ac39c,"Promoted p24↔p30 (""Can she be guilty?"" ↔ ""Next day… suspicions… well-founded"") to CERTAIN in constraints inventory + cross-index; aligned both page notes; verified pages OK."
2025-12-28,codex-cli,phase-3,phase-3 upgrade p28/p50 forgery lock,2025-12-28T16:49:58Z,2025-12-28T16:53:27Z,4,run/20251215-codex-extraction-pass1,a355ef4,Promoted p28↔p50 (woman not yet dead/forging ahead ↔ will + caseful of strange pens + Earnest layer) to CERTAIN in constraints inventory + cross-index; aligned both page notes; verified pages OK.
2025-12-28,codex-cli,phase-3,phase-3 upgrade p12/p14 will-talk lock,2025-12-28T16:54:40Z,2025-12-28T16:56:48Z,2,run/20251215-codex-extraction-pass1,18e519b,Promoted p12↔p14 (leave everything… May + spilled wine/flesh cleanup ↔ documents/abstracted will) to CERTAIN in constraints inventory + cross-index; aligned both page notes; verified pages OK.
2025-12-28,codex-cli,phase-3,phase-3 demote p68/p69 lock,2025-12-28T17:00:13Z,2025-12-28T17:07:59Z,8,run/20251215-codex-extraction-pass1,18271f8,Demoted p68↔p69 from LIKELY constraint to MAYBE candidate; aligned page notes and constraint index; verified pages OK.
2025-12-28,codex-cli,phase-3,phase-3 upgrade p3/p32 instruction lock,2025-12-28T17:14:59Z,2025-12-28T17:20:45Z,6,run/20251215-codex-extraction-pass1,bb37cd3,Promoted p3↔p32 (shared instruction-giver appointment + Whitman/weather/kit register) to CERTAIN in constraints inventory + cross-index; aligned both page notes; verified pages OK.
2025-12-28,codex-cli,phase-3,phase-3 demote p95/p96 lock,2025-12-28T17:22:28Z,2025-12-28T17:25:41Z,3,run/20251215-codex-extraction-pass1,16c7528,Demoted p95↔p96 from LIKELY constraint to MAYBE candidate; aligned both page notes and updated N09 ordering-confidence labels; verified pages OK.
2025-12-28,codex-cli,phase-3,phase-3 demote p76/p77 lock,2025-12-28T17:27:02Z,2025-12-28T17:29:40Z,3,run/20251215-codex-extraction-pass1,424e073,Demoted p76↔p77 from LIKELY constraint to MAYBE candidate; aligned both page notes and downgraded N15 cluster/sequence confidence; verified pages OK.
2025-12-28,codex-cli,phase-3,phase-3 demote p58/p35 lock,2025-12-28T17:30:47Z,2025-12-28T17:32:54Z,2,run/20251215-codex-extraction-pass1,a4c43a7,Demoted p58↔p35 from LIKELY constraint to MAYBE candidate; aligned both page notes and downgraded N12 Sequence B confidence; verified pages OK.
2025-12-28,codex-cli,phase-3,phase-3 upgrade p26/p45 girl-absence lock,2025-12-28T17:34:08Z,2025-12-28T17:36:28Z,2,run/20251215-codex-extraction-pass1,0c3dc23,Promoted p26↔p45 (unique “The girl…” absence hinge with Henry) to CERTAIN in constraints inventory + cross-index; aligned both page notes; verified pages OK.
2025-12-28,codex-cli,phase-3,phase-3 promote p29/p35 close-phrase lock,2025-12-28T17:38:37Z,2025-12-28T17:41:55Z,3,run/20251215-codex-extraction-pass1,3cb3b3d,Promoted p29↔p35 (unique “drawing towards a close… one never knew” echo) from MAYBE candidate to CERTAIN constraint; aligned both page notes and updated cross-index; verified pages OK.
2025-12-28,codex-cli,phase-3,phase-3 upgrade p36/p59 awkward lock,2025-12-28T17:45:45Z,2025-12-28T17:51:09Z,5,run/20251215-codex-extraction-pass1,8545adf,Promoted p36↔p59 (unique “awkward” poison-failure phrasing) from MAYBE candidate to CERTAIN constraint; aligned both page notes and updated cross-index/N12 link label; verified pages OK.
2025-12-28,codex-cli,phase-3,phase-3 lock p35/p77 murders-phrase; move p77 to N12,2025-12-28T18:10:51Z,2025-12-28T18:26:53Z,16,run/20251215-codex-extraction-pass1,315d35a,Promoted p35↔p77 (unique “Murders were funny things” echo) to CERTAIN constraint; moved p77 from N15 to N12 in clusters/narrators; updated both page notes; verified pages OK.
2025-12-28,codex-cli,phase-3,phase-3 constraints-note consistency sweep (p22,p24),2025-12-28T18:36:24Z,2025-12-28T18:41:43Z,5,run/20251215-codex-extraction-pass1,7b519f8,Aligned page-note CERTAIN constraint mentions so every Order/hypotheses CERTAIN lock is mirrored on both pages; verified pages OK.
2025-12-28,codex-cli,phase-3,phase-3 add p12/p75 searchlights-docs overlap,2025-12-28T18:43:48Z,2025-12-28T18:50:33Z,6,run/20251215-codex-extraction-pass1,1022a38,Added cross-narrator candidate p12↔p75 based on unique body-level ‘searchlights’+‘documents’ reading metaphor; updated both page notes; verified pages OK.
2025-12-28,codex-cli,phase-3,phase-3 add p34/p52 innocent-child lock; add p29/p96 candidate,2025-12-28T18:54:17Z,2025-12-28T19:03:03Z,8,run/20251215-codex-extraction-pass1,0fe2f82,Promoted p34↔p52 (unique ‘had ever been an innocent child’ + ironic framing) to CERTAIN constraint; added cross-narrator candidate p29↔p96 (‘if I may be permitted the expression’); aligned page notes; verified pages OK.
2025-12-28,codex-cli,phase-3,phase-3 promote p93/p97 Bunny-Perry lock,2025-12-28T19:04:54Z,2025-12-28T19:09:34Z,4,run/20251215-codex-extraction-pass1,4b7bf69,Promoted p93↔p97 to CERTAIN constraint via unique Bunny-and-Perry ‘hammer and tongs’ phrasing + Cambridge wordplay; aligned both page notes; verified pages OK.
2025-12-28,codex-cli,phase-3,phase-3 add p21/p31 reckon-with-Henry candidate,2025-12-28T19:13:16Z,2025-12-28T19:19:44Z,6,run/20251215-codex-extraction-pass1,91bcd3a,Added cross-narrator candidate p21↔p31 based on unique phrase ‘to reckon with Henry’; updated both page notes; verified pages OK.
2025-12-28,codex-cli,phase-3,phase-3 add N05/N06 initiation overlap candidate,2025-12-28T19:24:10Z,2025-12-28T19:37:01Z,13,run/20251215-codex-extraction-pass1,87b83b6,Added MAYBE overlap candidate p66↔p73 via unique initiation phrase echo and Head phrasing corroboration; updated page notes and narrators index; verified pages OK.
2025-12-28,codex-cli,phase-3,phase-3 confirm N05/N06 merge,2025-12-28T19:42:26Z,2025-12-28T19:59:40Z,17,run/20251215-codex-extraction-pass1,322787d,Confirmed N05↔N06 merge into N06 via unique phrase-level echoes; updated hypotheses and notes; verified pages OK.
2025-12-28,codex-cli,phase-3,phase-3 falsify p71 within N06,2025-12-28T20:02:39Z,2025-12-28T20:09:36Z,7,run/20251215-codex-extraction-pass1,52a16e8,Downgraded p71 to MAYBE as an N06 edge-fit due to lack of phrase-level overlap; updated clustering notes and indices; verified pages OK.
2025-12-28,codex-cli,phase-3,phase-3 audit p74/p83 coin-drop echo,2025-12-28T20:51:54Z,2025-12-28T20:55:04Z,3,run/20251215-codex-extraction-pass1,dbfe878,Corpus-scanned coin/metal-drop phrasing and tightened the p74↔p83 continuity hook wording; verified pages OK.
2025-12-28,codex-cli,phase-3,phase-3 tighten N01 Aquarius lock,2025-12-28T21:01:24Z,2025-12-28T21:15:16Z,14,run/20251215-codex-extraction-pass1,5342b18,Added CERTAIN constraint p1↔p43 via Aquarius and tightened N01 cluster; verified pages OK.
2025-12-28,codex-cli,phase-3,phase-3 add p6/p29 spare-room constraint,2025-12-28T21:20:04Z,2025-12-28T21:29:29Z,9,run/20251215-codex-extraction-pass1,0e083e5,Added CERTAIN constraint p6↔p29 via unique spare-room phrasing; normalized directionless continuity notes; verified pages OK.
2025-12-28,codex-cli,phase-3,phase-3 rare-phrase sweep add N06 locks,2025-12-28T21:33:47Z,2025-12-28T21:44:50Z,11,run/20251215-codex-extraction-pass1,e32eccc,Added CERTAIN N06 phrase locks p66↔p73 and p67↔p74 from rare phrase sweep; verified pages OK.
2025-12-28,codex-cli,phase-3,phase-3 rare-phrase sweep promote p12/p75,2025-12-28T21:48:43Z,2025-12-28T21:55:27Z,7,run/20251215-codex-extraction-pass1,1210e9b,Promoted p12↔p75 to a CERTAIN constraint via unique documents+searchlights metaphor and updated cross index; verified pages OK.
2025-12-28,codex-cli,phase-3,phase-3 tighten N06 confidence,2025-12-28T21:59:22Z,2025-12-28T22:08:08Z,9,run/20251215-codex-extraction-pass1,e12ffd1,Upgraded N06 merge and cluster confidence to CERTAIN based on phrase locks and refreshed narrator notes; verified pages OK.
2025-12-28,codex-cli,phase-3,phase-3 falsify 5 MAYBE lock candidates,2025-12-28T22:17:21Z,2025-12-28T22:26:23Z,9,run/20251215-codex-extraction-pass1,f2e1ee4,Falsified five MAYBE candidate locks and updated page notes with revive criteria; verified pages OK.
2025-12-28,codex-cli,phase-3,phase-3 falsify remaining MAYBE candidates,2025-12-28T22:29:40Z,2025-12-28T22:34:14Z,5,run/20251215-codex-extraction-pass1,372b82a,Falsified remaining MAYBE candidates (p26↔p58, p58↔p35, p76↔p77) and updated page notes; verified pages OK.
2025-12-28,codex-cli,phase-3,phase-3 consistency cleanup after falsifications,2025-12-28T22:38:24Z,2025-12-28T22:54:18Z,16,run/20251215-codex-extraction-pass1,5502823,Updated Order/hypotheses ordering notes to reflect falsified locks and cleaned one stale arrow reference; verified pages OK.
2025-12-28,codex-cli,phase-3,phase-3 progress check + directionless cleanup,2025-12-28T23:00:36Z,2025-12-28T23:12:08Z,12,run/20251215-codex-extraction-pass1,2ab87c9,Confirmed Phase 3 exit criteria and tightened directionless clustering language; verified pages OK.
2025-12-29,codex-cli,phase-4,phase-4 tighten N02 p57 bridge,2025-12-29T07:45:59Z,2025-12-29T08:11:48Z,26,run/20251215-codex-extraction-pass1,fde0912,"Tightened N02 by adding Page 57 bridge evidence and updated Page 57 notes; verified pages OK."
2025-12-29,codex-cli,phase-4,phase-4 upgrade N25 p52-p53 lock,2025-12-29T08:49:09Z,2025-12-29T08:59:12Z,10,run/20251215-codex-extraction-pass1,208e873,"Upgraded N25 interview run to a CERTAIN adjacency (p52→p53) and updated narrator notes; verified pages OK."
2025-12-29,codex-cli,phase-4,phase-4 mark N26 CERTAIN,2025-12-29T09:00:35Z,2025-12-29T09:02:53Z,2,run/20251215-codex-extraction-pass1,2543242,"Upgraded N26 cluster confidence to CERTAIN based on the unique repeated aside; verified pages OK."
2025-12-29,codex-cli,phase-4,phase-4 lock N03 p30-p24 order,2025-12-29T09:03:53Z,2025-12-29T09:07:41Z,4,run/20251215-codex-extraction-pass1,d4167b2,"Upgraded N03 suspicion beat to a CERTAIN within-voice order (p30→p24) while preserving the p23↔p24 cross-narrator constraint; verified pages OK."
2025-12-29,codex-cli,phase-4,phase-4 tighten N06 locks,2025-12-29T09:11:16Z,2025-12-29T09:23:12Z,12,run/20251215-codex-extraction-pass1,76b063b,"Upgraded N06 internal locks (p73→p74→p75; p66→p67) and updated narrator index; verified pages OK."
2025-12-29,codex-cli,phase-4,phase-4 sync N06 sequences,2025-12-29T09:23:44Z,2025-12-29T09:31:10Z,7,run/20251215-codex-extraction-pass1,c060057,"Clarified N06 Sequence B as order-only and synced candidate-sequence confidences (p74→p75; p52→p53); verified pages OK."
2025-12-29,codex-cli,phase-4,phase-4 add husk-voice link p43-p74,2025-12-29T10:07:55Z,2025-12-29T10:16:12Z,8,run/20251215-codex-extraction-pass1,61b10c2,"Added a MAYBE phrase-level constraint (husk-/husky voice) linking p43↔p74 and updated `P70` to include both pages; verified pages OK."
2025-12-29,codex-cli,phase-4,phase-4 upgrade N01 p17-p43 order,2025-12-29T10:21:07Z,2025-12-29T10:24:55Z,4,run/20251215-codex-extraction-pass1,f603cd5,"Upgraded N01 Moon/Dawn table sequence (p17→p43) to CERTAIN and noted direction in narrators index; verified pages OK."
2025-12-29,codex-cli,phase-4,phase-4 tighten N06 p83 tie,2025-12-29T10:30:37Z,2025-12-29T10:48:15Z,18,run/20251215-codex-extraction-pass1,bcd1ab6,"Added a MAYBE p74↔p83 continuity link and indexed the p83 old man/companion plus the orange-documents prop; verified pages OK."
2025-12-29,codex-cli,phase-4,phase-4 demote p71 from N06 core,2025-12-29T10:50:36Z,2025-12-29T10:53:58Z,3,run/20251215-codex-extraction-pass1,349ec82,"Removed p71 from the core N06 page lists while retaining it as an explicit edge-overlap candidate; verified pages OK."
2025-12-29,codex-cli,phase-4,phase-4 N06 queue hooks + travel hop,2025-12-29T12:42:06Z,2025-12-29T13:14:22Z,32,run/20251215-codex-extraction-pass1,db15485,"Queued research items for N06 hooks and added a Haslemere↔Midhurst order-only hypothesis; verified pages OK."
2025-12-29,codex-cli,phase-4,phase-4 N32 sequence consistency,2025-12-29T13:57:21Z,2025-12-29T14:03:20Z,6,run/20251215-codex-extraction-pass1,98e2c8e,"Fixed the summary sequence direction for the N32 p90→p89 lock and verified pages OK."
2025-12-29,codex-cli,phase-4,phase-4 candidate sequence consistency,2025-12-29T14:05:56Z,2025-12-29T14:07:23Z,1,run/20251215-codex-extraction-pass1,b14279a,"Updated candidate-sequence scratchpad to match the N08 p85→p82 tentative ordering and verified pages OK."
2025-12-29,codex-cli,phase-4,phase-4 candidate sequence sweep (N09),2025-12-29T14:09:13Z,2025-12-29T14:13:12Z,4,run/20251215-codex-extraction-pass1,578ba7f,"Aligned the candidate-sequence scratchpad for N09 to avoid implying a p69→p70 adjacency; verified pages OK."
2025-12-29,codex-cli,phase-4,phase-4 consistency scan for reversals,2025-12-29T14:14:25Z,2025-12-29T14:16:48Z,2,run/20251215-codex-extraction-pass1,8d52eae,"Scanned Order/hypotheses.md for reversed page-pair sequences; all reversals are explicitly marked as alternates/fallbacks."
2025-12-29,codex-cli,phase-4,phase-4 narrators↔hypotheses consistency,2025-12-29T14:19:02Z,2025-12-29T14:20:15Z,1,run/20251215-codex-extraction-pass1,c7507be,"Checked directed within-voice orders in Indexes/narrators.md against Order/hypotheses.md; no mismatches found."
2025-12-29,codex-cli,phase-4,phase-4 sweep for Ordering hypotheses headings,2025-12-29T14:21:21Z,2025-12-29T14:22:12Z,1,run/20251215-codex-extraction-pass1,2fd4cf0,"Searched Pages/* notes for any remaining Ordering hypotheses headings; none found."
2025-12-29,codex-cli,phase-4,phase-4 repo-wide directed-pair reversal scan,2025-12-29T14:23:59Z,2025-12-29T14:24:51Z,1,run/20251215-codex-extraction-pass1,e1dcd29,"Scanned all markdown files for contradictory directed page-pair statements; only the explicitly-marked alternates in Order/hypotheses.md remain."
2025-12-29,codex-cli,phase-4,phase-4 direction-note alignment sweep,2025-12-29T14:27:47Z,2025-12-29T14:45:09Z,17,run/20251215-codex-extraction-pass1,881b9e5,"Aligned resolved/tentative direction language in page notes to match Order/hypotheses.md (commits c391e48 + 881b9e5); verified pages OK."
2025-12-29,codex-cli,phase-4,phase-4 resolve direction-TBD constraints,2025-12-29T14:56:17Z,2025-12-29T15:08:51Z,13,run/20251215-codex-extraction-pass1,c950562,"Converted remaining direction-TBD constraints into explicit direction hypotheses or directionless cross-voice constraints; verified pages OK."
2025-12-29,codex-cli,phase-4,phase-4 tighten N12 poison ordering,2025-12-29T18:01:55Z,2025-12-29T18:19:48Z,18,run/20251215-codex-extraction-pass1,deba883,"Strengthened N12 internal ordering by adding foxgloves↔digitalis and wolfsbane↔bane hinges (p80→p59) and upgrading p29→p35; verified pages OK."
2025-12-29,codex-cli,phase-4,phase-4 consolidate N12 poison spine,2025-12-29T18:31:37Z,2025-12-29T18:36:53Z,5,run/20251215-codex-extraction-pass1,1413c76,"Consolidated the N12 poison spine (added Sequence J), marked the awkward link directionless, and upgraded p6→p29 as derived; verified pages OK."
2025-12-29,codex-cli,phase-4,phase-4 add p5↔p58 Browning lock,2025-12-29T18:58:12Z,2025-12-29T19:15:30Z,17,run/20251215-codex-extraction-pass1,a9aca49,"Added the p5↔p58 Browning complaint lock, fixed N12 Sequence B formatting, and updated page notes; verified pages OK."
2025-12-29,codex-cli,phase-4,phase-4 reassign p58 to N19,2025-12-29T19:23:51Z,2025-12-29T19:37:22Z,14,run/20251215-codex-extraction-pass1,0db0e29,"Moved p58 out of N12 into N19 using the Browning complaint lock; updated narrator index and hypotheses; verified pages OK."
2025-12-29,codex-cli,phase-4,phase-4 propose p77→p35,2025-12-29T19:40:05Z,2025-12-29T19:42:50Z,3,run/20251215-codex-extraction-pass1,d060c52,"Added a MAYBE direction hypothesis p77→p35 within N12 and updated page notes; verified pages OK."
2025-12-29,codex-cli,phase-4,phase-4 add p4↔p100 buttonhole overlap,2025-12-29T19:45:18Z,2025-12-29T19:52:51Z,8,run/20251215-codex-extraction-pass1,12b606c,"Found that “buttonhole” appears only on p4 and p100; recorded as a MAYBE cross-narrator constraint and updated notes; verified pages OK."
2025-12-29,codex-cli,phase-4,phase-4 add p4↔p21 wits echo,2025-12-29T20:37:02Z,2025-12-29T20:41:38Z,5,run/20251215-codex-extraction-pass1,e505c43,"Recorded the page-body unique p4↔p21 “my wits about me” overlap as a MAYBE cross-narrator constraint and updated notes; verified pages OK."
2025-12-29,codex-cli,phase-4,phase-4 tighten (N12 p36→p59),2025-12-29T20:48:54Z,2025-12-29T21:02:33Z,14,run/20251215-codex-extraction-pass1,7b59efc,"Preferred p36→p59 within N12 and synced page notes; verified pages OK."
2025-12-29,codex-cli,phase-4,phase-4 tighten (N16 p45→p26),2025-12-29T21:12:19Z,2025-12-29T21:16:23Z,4,run/20251215-codex-extraction-pass1,ac32c9b,"Integrated p26 into N16’s internal order (p7→p45→p26→p44) and synced page notes; verified pages OK."
2025-12-29,codex-cli,phase-4,phase-4 tighten (N19 p58→p5),2025-12-29T21:16:23Z,2025-12-29T21:20:25Z,4,run/20251215-codex-extraction-pass1,d8ab543,"Upgraded N19’s p58→p5 direction to LIKELY (Browning hinge + count progression) and synced page notes; verified pages OK."
2025-12-29,codex-cli,phase-4,phase-4 tighten (N16 p26→p44),2025-12-29T21:31:35Z,2025-12-29T21:34:07Z,3,run/20251215-codex-extraction-pass1,cdc10ef,"Upgraded N16 p26→p44 to LIKELY using Ben Wade (unused pipe) → first St. Bruno + wen/sebaceous continuity; verified pages OK."
2025-12-29,codex-cli,phase-4,phase-4 tighten (N32 p65→p90),2025-12-29T21:38:12Z,2025-12-29T21:43:12Z,5,run/20251215-codex-extraction-pass1,f735459,"Scanned N19 for new anchors (none); upgraded N32 p65→p90 to CERTAIN and synced page notes; verified pages OK."
2025-12-29,codex-cli,phase-4,phase-4 tighten (N08),2025-12-29T21:59:37Z,2025-12-29T22:34:06Z,34,run/20251215-codex-extraction-pass1,43a53ca,"Clarified N08 hypotheses: added p15↔p82 Bart/Bartholomew lock, reinforced p94→p85 hinge, and synced page notes; verified pages OK."
2025-12-30,codex-cli,phase-4,phase-4 tighten (N39),2025-12-30T09:05:07Z,2025-12-30T09:17:07Z,12,run/20251215-codex-extraction-pass1,69c66e4,"Logged N39 corpus-search falsification check and synced N39 notes across hypotheses/narrators/pages; verified pages OK."
2025-12-30,codex-cli,phase-4,phase-4 tighten (N09),2025-12-30T10:04:10Z,2025-12-30T10:11:28Z,7,run/20251215-codex-extraction-pass1,468ba13,"Logged N09 cross-strand falsification result (no bridge anchors found) and updated hypotheses/narrator notes; verified pages OK."
2025-12-30,codex-cli,phase-4,phase-4 tighten (N06),2025-12-30T10:14:05Z,2025-12-30T10:18:02Z,4,run/20251215-codex-extraction-pass1,490697d,"Logged N06 falsification check (p74 half-crowns ↔ p83 metallic object) and synced hypotheses/narrator/page notes; verified pages OK."
2025-12-30,codex-cli,phase-4,phase-4 tighten (N08),2025-12-30T10:20:36Z,2025-12-30T10:23:44Z,3,run/20251215-codex-extraction-pass1,1846d60,"Logged N08 falsification check (p82 vs p85 adjacency) and synced hypotheses/narrator/page notes; verified pages OK."
2025-12-30,codex-cli,phase-4,phase-4 tighten (N16),2025-12-30T10:35:33Z,2025-12-30T10:43:05Z,8,run/20251215-codex-extraction-pass1,217a869,"Logged N16 falsification checks (no new anchors beyond existing locks) and synced hypotheses/narrator/page notes; verified pages OK."
2025-12-30,codex-cli,phase-4,phase-4 tighten (N16 p55),2025-12-30T10:45:39Z,2025-12-30T10:57:25Z,12,run/20251215-codex-extraction-pass1,c318d49,"Synced Page 55 notes with resolved Gowrie IDs and the hard/gentle Morse-style check; verified pages OK."
2025-12-30,codex-cli,phase-4,phase-4 tighten (N17),2025-12-30T11:10:15Z,2025-12-30T11:18:18Z,8,run/20251215-codex-extraction-pass1,9a28041,"Upgraded N17 p41→p11 to CERTAIN using dog-watch/capstan evidence and synced hypotheses/narrators/page notes; verified pages OK."
2025-12-30,codex-cli,phase-4,phase-4 tighten (N19),2025-12-30T11:21:00Z,2025-12-30T11:25:19Z,4,run/20251215-codex-extraction-pass1,13ccf09,"Logged N19 falsification check (no third-page anchor repeats; no p4/p5 4-gram overlap) and synced hypotheses/narrators/pages; verified pages OK."
2025-12-30,codex-cli,phase-4,phase-4 tighten (N26/N07/N10/N34),2025-12-30T11:43:48Z,2025-12-30T12:00:55Z,17,run/20251215-codex-extraction-pass1,d76e14e,"Promoted N26 to CERTAIN (p56→p54), tightened N07 direction, and logged falsification checks for N10 and N34; verified pages OK."
2025-12-30,codex-cli,phase-5,phase-5 kickoff (update current_run),2025-12-30T12:01:38Z,2025-12-30T12:02:07Z,0,run/20251215-codex-extraction-pass1,f887544,"Updated current run metadata to phase-5."
2025-12-30,codex-cli,phase-5,phase-5 tighten Trinder thread,2025-12-30T12:04:00Z,2025-12-30T12:08:19Z,4,run/20251215-codex-extraction-pass1,6690d56,"Upgraded the Trinder cross-cluster chain to LIKELY with an explicit order-only note and falsification targets; verified pages OK."
2025-12-30,codex-cli,phase-5,review phase-4 progress,2025-12-30T12:13:17Z,2025-12-30T12:16:18Z,3,run/20251215-codex-extraction-pass1,2350203,"Reviewed Phase 4 within-cluster ordering progress and flagged remaining weak links for Phase 5 stitching."
2025-12-30,codex-cli,phase-5,phase-5 stitching (quote joins + N02 chain),2025-12-30T12:32:40Z,2025-12-30T12:51:30Z,19,run/20251215-codex-extraction-pass1,aa4933e,"Promoted p49→p13 and p92→p42 quote adjacencies, promoted p10→p99→p8→p19 chain, and clarified non-adjacent constraints around p30→p24 and p28→p50; verified pages OK."
2025-12-30,codex-cli,phase-5,phase-5 stitching (N02/N17 + p65/p90),2025-12-30T12:58:14Z,2025-12-30T13:06:48Z,9,run/20251215-codex-extraction-pass1,b3a5fd7,"Extended the N02 mid-Aug chain, promoted p65→p90, and recorded the p41→p11 dog-watch link; verified pages OK."
2025-12-30,codex-cli,phase-5,phase-5 stitching (N02 lead-in + N16 Typhoon),2025-12-30T13:08:26Z,2025-12-30T13:13:40Z,5,run/20251215-codex-extraction-pass1,681bb6b,"Clarified the N02 p22→p79 lead-in as order-only and promoted p7→p45 Typhoon continuity; verified pages OK."
2025-12-30,codex-cli,phase-5,phase-5 stitching (bridge candidates),2025-12-30T13:17:23Z,2025-12-30T13:45:54Z,29,run/20251215-codex-extraction-pass1,83ed692,"Recorded N12↔N16 garden bridge, added N02↔N25 Gourdoulis bridge, and noted N12↔N11 aconite bridge; verified pages OK."
2025-12-30,codex-cli,phase-5,phase-5 stitching (full order v1),2025-12-30T13:56:21Z,2025-12-30T14:45:03Z,49,run/20251215-codex-extraction-pass1,82b8280,"Expanded candidate sequences, added full 100-page draft order v1, and split Green vs p77 first-murder in the murder ledgers; verified pages OK."
2025-12-30,codex-cli,phase-5,phase-5 tightening pass (v2 + ledger),2025-12-30T15:45:10Z,2025-12-30T15:57:54Z,13,run/20251215-codex-extraction-pass1,f11c717,"Added full-order draft v2 to remove weak adjacencies and align the Trinder chain, and downgraded likely animal/idiom kill-admissions in the dog strand; verified pages OK."
2025-12-30,codex-cli,phase-5,phase-5 tightening (v2 joins + murder IDs),2025-12-30T16:00:40Z,2025-12-30T16:21:49Z,21,run/20251215-codex-extraction-pass1,f7bb911,"Added v2 join-risk notes and introduced new narrator P-IDs for key murder events; verified pages OK."
2025-12-30,codex-cli,phase-6,phase-6 start + falsify joins (pass 1),2025-12-30T16:24:55Z,2025-12-30T16:34:30Z,10,run/20251215-codex-extraction-pass1,24e5ef3,"Moved run to phase-6 and ran first falsification pass on the riskiest v2 joins; upgraded p83→p2; verified pages OK."
2025-12-30,codex-cli,phase-6,phase-6 falsify joins (pass 2),2025-12-30T16:35:48Z,2025-12-30T16:41:41Z,6,run/20251215-codex-extraction-pass1,d601d58,"Added Phase 6 boundary tests for additional tail joins and recorded a v3 trial variant re-stitching p77 back into N12; verified pages OK."
2025-12-30,codex-cli,phase-6,phase-6 falsify v3 boundary (p98→p46),2025-12-30T16:44:59Z,2025-12-30T16:50:30Z,6,run/20251215-codex-extraction-pass1,8c7e98c,"Falsified the new v3 tail boundary and revised the v3 trial stitch direction for p77; verified pages OK."
2025-12-30,codex-cli,phase-6,phase-6 falsify N25 re-stitch (v4),2025-12-30T16:54:09Z,2025-12-30T17:04:15Z,10,run/20251215-codex-extraction-pass1,22466d5,"Added Phase 6 v4 trial to re-stitch N25 and recorded boundary tests; verified pages OK."
2025-12-30,codex-cli,phase-6,phase-6 falsify stitches + tighten Trinder event,2025-12-30T17:10:48Z,2025-12-30T17:24:30Z,14,run/20251215-codex-extraction-pass1,706beae,"Revised p77/p91 re-stitch trials and strengthened Trinder-as-victim evidence in the murder ledger; verified pages OK."
2025-12-30,codex-cli,phase-6,phase-6 falsify p60→p91 + p79↔p100 bridge,2025-12-30T18:50:01Z,2025-12-30T19:13:11Z,23,run/20251215-codex-extraction-pass1,d9020b6,"Falsified p60→p91 join (PASS) and added p79↔p100 Hamlet flush as May bridge; verified pages OK."
2025-12-30,codex-cli,phase-6,phase-6 test p100 stitch candidates,2025-12-30T19:15:35Z,2025-12-30T19:22:38Z,7,run/20251215-codex-extraction-pass1,1dc249a,"Tested p100 bridge candidates (p79/p4/p38/p91) and recorded outcomes; verified pages OK."
2025-12-30,codex-cli,phase-6,phase-6 quick scan p100 stitches,2025-12-30T19:22:38Z,2025-12-30T19:25:26Z,3,run/20251215-codex-extraction-pass1,7b160ad,"Quick scan for additional p100 stitch anchors; noted p1 shares dead-old-man wording with p100."
2025-12-30,codex-cli,phase-6,phase-6 test p1↔p100 dead-old-man thread,2025-12-30T19:30:22Z,2025-12-30T19:33:45Z,3,run/20251215-codex-extraction-pass1,c6f24ec,"Tested p1↔p100 dead-old-man wording as a stitch candidate and recorded outcome; verified pages OK."
2025-12-30,codex-cli,phase-6,phase-6 test p84↔p100 deceased hinge,2025-12-30T19:36:47Z,2025-12-30T19:38:52Z,2,run/20251215-codex-extraction-pass1,187aac6,"Tested p84↔p100 “deceased/old dead” hinge as a stitch candidate and recorded outcome; verified pages OK."
2025-12-30,codex-cli,phase-6,phase-6 falsify join p70→p14,2025-12-30T19:41:46Z,2025-12-30T19:55:17Z,14,run/20251215-codex-extraction-pass1,1e00c9d,"Falsified candidate join p70→p14; no second anchor found; recorded in hypotheses."
2025-12-30,codex-cli,phase-6,phase-6 test p96→p17 Somerset bridge,2025-12-30T19:57:11Z,2025-12-30T20:16:22Z,19,run/20251215-codex-extraction-pass1,26b19db,"Backfilled missing worklog row for prior p70→p14 session; added p96→p17 join candidate and updated indices; verified pages OK."
2025-12-30,codex-cli,phase-6,phase-6 tighten p96→p17 + N09 merges,2025-12-30T21:09:17Z,2025-12-30T21:27:33Z,18,run/20251215-codex-extraction-pass1,dfc5923,"Strengthened p96→p17 Somerset bridge; upgraded p69→p95 decision-phrase link; added trial v6; noted unique p34↔p52 and p52↔p57 echoes; deprioritised p70→p14; verified pages OK."
2025-12-30,codex-cli,phase-6,phase-6 tighten overlaps and reassess p91→p86,2025-12-30T22:17:06Z,2025-12-30T22:35:50Z,19,run/20251215-codex-extraction-pass1,220b715,"Added new unique-phrase overlap candidates (p76↔p98, p6↔p81) and strengthened falsification against p91→p86 via Caroline uniqueness; verified pages OK."
2025-12-30,codex-cli,phase-6,phase-6 falsify p46→p100 join,2025-12-30T22:43:43Z,2025-12-30T22:48:09Z,4,run/20251215-codex-extraction-pass1,a8a871e,"Added uniqueness-scan evidence for weak tail joins (p46→p100 and p52↔p57); verified pages OK."
2025-12-30,codex-cli,phase-6,phase-6 strengthen p24↔p86 bridge,2025-12-30T22:49:27Z,2025-12-30T22:53:34Z,4,run/20251215-codex-extraction-pass1,77efb9c,"Promoted the Caroline (p24/p86) overlap to a Phase 6 bridge candidate and updated people index notes; verified pages OK."
2025-12-30,codex-cli,phase-6,phase-6 test p37↔p100 believe-me overlap,2025-12-30T23:02:20Z,2025-12-30T23:05:13Z,3,run/20251215-codex-extraction-pass1,7a27813,"Recorded believe-me uniqueness (p37/p100) as a stitch candidate and updated notes/indices; verified pages OK."
2025-12-30,codex-cli,phase-6,phase-6 tighten p60→p91 join,2025-12-30T23:06:05Z,2025-12-30T23:10:47Z,5,run/20251215-codex-extraction-pass1,7cb6b95,"Confirmed steps word is page-body-unique to p60/p91 and recorded in hypotheses/narrators; verified pages OK."
2025-12-30,codex-cli,phase-6,phase-6 tighten overlap candidates,2025-12-30T23:23:44Z,2025-12-30T23:41:03Z,17,run/20251215-codex-extraction-pass1,9114d4b,"Downgraded weak overlap candidates (p37↔p100, p24↔p86), falsified p76↔p98, and refined p6↔p81 evidence; verified pages OK."
2025-12-30,codex-cli,phase-6,phase-6 test p100 narrator merge,2025-12-30T23:45:16Z,2025-12-31T00:05:06Z,20,run/20251215-codex-extraction-pass1,46ed055,"Recorded new evidence that p100 likely extends `N01` and updated hypotheses/indices; verified pages OK."
2025-12-31,codex-cli,phase-6,phase-6 tighten N02/N12 tail restitch,2025-12-31T08:34:49Z,2025-12-31T08:52:02Z,17,run/20251215-codex-extraction-pass1,edcafed,"Added p57↔p46 phrase anchor, aligned p35→p77 direction, and recorded combined v8 restitch; verified pages OK."
2025-12-31,codex-cli,phase-6,phase-6 scan new phrase overlaps,2025-12-31T11:51:02Z,2025-12-31T12:13:32Z,23,run/20251215-codex-extraction-pass1,36d01af,"Recorded unique phrase-overlap cues (p72↔p49, p37↔p85, p9↔p45, p38↔p79) and flagged p63↔p100 Henry-handling stitch; verified pages OK."
2025-12-31,codex-cli,phase-6,phase-6 note May and phrase echoes,2025-12-31T12:15:38Z,2025-12-31T12:32:30Z,17,run/20251215-codex-extraction-pass1,e6c748f,"Recorded p71↔p98 “I thought of May” and p2↔p5 “as far as I could” echoes across notes/indices/hypotheses; verified pages OK."
2025-12-31,codex-cli,phase-6,phase-6 tighten N24→N01 and May/Henry indices,2025-12-31T13:48:00Z,2025-12-31T13:58:44Z,11,run/20251215-codex-extraction-pass1,8dc7d36,"Noted likely N24→N01 narrator merge and updated people index to reflect p71↔p98 May echo plus object-coded Henry cues; verified pages OK."
2025-12-31,codex-cli,phase-6,phase-6 annotate p4↔p100 merge note,2025-12-31T14:00:35Z,2025-12-31T14:01:19Z,1,run/20251215-codex-extraction-pass1,3e731ea,"Updated hypotheses constraint cross-index to note p4↔p100 is an N24→N01 merge candidate; verified pages OK."
2025-12-31,codex-cli,phase-6,falsify p70->p14; trial v10 p100->N01,2025-12-31T14:18:17Z,2025-12-31T14:33:05Z,15,run/20251215-codex-extraction-pass1,e623b2a,"Recorded unique \"fragments\" echo for p70->p14 and added trial v10 relocating p100 into N01."
2025-12-31,codex-cli,phase-6,falsify p91->p86 join; reinforce p60->p91,2025-12-31T14:35:26Z,2025-12-31T14:41:05Z,6,run/20251215-codex-extraction-pass1,56d77b6,"Confirmed steps is page-body-unique to p60/p91 and recorded it to strengthen the p60->p91 placement."
2025-12-31,codex-cli,phase-6,merge Trinder events in confidence ledger,2025-12-31T14:56:09Z,2025-12-31T15:05:10Z,9,run/20251215-codex-extraction-pass1,58d497f,"Merged Trinder setup (E05) into the main E14 event to reduce duplicated murder counts; verified pages OK."
2025-12-31,codex-cli,phase-6,downgrade low-signal death entries (E07/E15/E16),2025-12-31T15:06:36Z,2025-12-31T15:08:33Z,2,run/20251215-codex-extraction-pass1,e3b77e3,"Downgraded intent-only and background-context death entries in Order/confidence.md and aligned Order/cast.md to reduce noise while keeping reversibility."
2025-12-31,codex-cli,phase-6,tighten Henry death event scoping,2025-12-31T15:22:25Z,2025-12-31T15:26:27Z,4,run/20251215-codex-extraction-pass1,b61a381,"Rescoped Henry-related death events to reduce cross-narrator conflation and updated cast confidence accordingly."
2025-12-31,codex-cli,phase-6,downgrade intent/background events E01/E03/E04,2025-12-31T15:27:58Z,2025-12-31T15:30:14Z,2,run/20251215-codex-extraction-pass1,3cd804f,"Downgraded intent-only/background death entries and aligned cast statuses to reduce noise while keeping reversibility."
2025-12-31,codex-cli,phase-6,downgrade p58 Henry victims E10/E11,2025-12-31T15:33:03Z,2025-12-31T15:42:32Z,9,run/20251215-codex-extraction-pass1,13ef21c,"Downgraded the p58 Henry third/fourth victim entries to reduce overcount risk and keep them pending corroboration; verified pages OK."
2025-12-31,codex-cli,phase-6,tighten p100 stitch; update E09,2025-12-31T15:44:35Z,2025-12-31T15:54:09Z,10,run/20251215-codex-extraction-pass1,102ca87,"Added a low-weight p51↔p100 stitch cue and updated E09/cast (P90) while keeping adjacency placeholders explicit; verified pages OK."
2025-12-31,codex-cli,phase-6,p100 stitching: add p17/p51 echo; clarify E09,2025-12-31T15:57:23Z,2025-12-31T16:03:40Z,6,run/20251215-codex-extraction-pass1,e1d139b,"Added a low-weight p17/p51 phrase echo to triangulate p100 stitching and clarified E09 to avoid Henry name-collision assumptions; verified pages OK."
2025-12-31,codex-cli,phase-6,falsify E02; tighten p100 n-gram anchors,2025-12-31T16:09:46Z,2025-12-31T16:15:28Z,6,run/20251215-codex-extraction-pass1,6ded56c,"Re-read the p68/p69/p70 slow-death thread and clarified the victim vs threatened antagonist ambiguity; also recorded that p17 provides the only strong phrase-level n-gram stitch to p100; verified pages OK."
2025-12-31,codex-cli,phase-6,falsify p98->p77; propose p76<->p98 constraint,2025-12-31T16:19:33Z,2025-12-31T16:24:02Z,4,run/20251215-codex-extraction-pass1,e1a4931,"Ran an n-gram scan for p98, recorded that p76 is the strongest phrase-echo (unique 5-gram), downgraded confidence in the p98->p77 tail placeholder, and added a v11 trial restitch; verified pages OK."
2025-12-31,codex-cli,phase-6,reconcile p76<->p98 log; falsify v11 joins,2025-12-31T16:26:28Z,2025-12-31T16:36:04Z,10,run/20251215-codex-extraction-pass1,82b378b,"Aligned the p76↔p98 constraint record and added Phase 6 boundary re-reads for trial v11; verified pages OK."
2025-12-31,codex-cli,phase-6,falsify p24->p52 join via p52 n-gram scan,2025-12-31T16:52:19Z,2025-12-31T16:55:29Z,3,run/20251215-codex-extraction-pass1,f4427c9,"Confirmed Page 52 has no unique phrase overlap with Page 24 and only a strong overlap with Page 34, keeping 24→52 as a placeholder; verified pages OK."
2025-12-31,codex-cli,phase-6,falsify p91->p86; scan p91/p86 anchors,2025-12-31T16:56:23Z,2025-12-31T17:00:44Z,4,run/20251215-codex-extraction-pass1,562896f,"Added additional anchor scans showing p91 aligns better with the aconite/collection thread (p80) while p86 aligns with the poet-line swap run (p23/p24/p87), keeping p91→p86 as a placeholder; verified pages OK."
2025-12-31,codex-cli,phase-6,falsify p57->p33; scan p57 anchors,2025-12-31T17:01:33Z,2025-12-31T17:03:35Z,2,run/20251215-codex-extraction-pass1,dae6c8e,"Added n-gram scan results showing Page 57’s strongest phrase echoes are within N02 (p22/p46/p64), keeping p57→p33 as a placeholder; verified pages OK."
2025-12-31,codex-cli,phase-6,falsify p70->p14; scan p14 anchors,2025-12-31T17:04:16Z,2025-12-31T17:06:11Z,2,run/20251215-codex-extraction-pass1,5be4f63,"Added an additional competing p14 stitch cue (unique \"none of my business\" 4-gram with p1) while keeping p70→p14 as a placeholder pending a second continuity marker; verified pages OK."
2025-12-31,codex-cli,phase-6,falsify p34->p96 join via p96 n-gram scan,2025-12-31T17:09:19Z,2025-12-31T17:12:47Z,3,run/20251215-codex-extraction-pass1,7a2ac1e,"Recorded that p34 and p96 share no 3-grams and that p96 has stronger stitch signals elsewhere (p17 Somerset; p29 aside), keeping p34→p96 as a placeholder; verified pages OK."
2025-12-31,codex-cli,phase-6,falsify p46->p100 join via n-gram scan,2025-12-31T17:31:00Z,2025-12-31T17:32:51Z,2,run/20251215-codex-extraction-pass1,ca3e731,"Recorded that p46/p100 share no unique phrase/word anchors (only a generic trigram), keeping p46→p100 as a placeholder; verified pages OK."
2025-12-31,codex-cli,phase-6,tighten v6: test p1->p96 and p96->p17,2025-12-31T17:36:20Z,2025-12-31T17:38:22Z,2,run/20251215-codex-extraction-pass1,0c73930,"Confirmed p1→p96 has no unique anchors and upgraded p96→p17 within v6 to LIKELY based on unique Somerset plus boundary re-read; verified pages OK."
2025-12-31,codex-cli,phase-6,tighten v6: p1->p96 and p63->p96 candidate,2025-12-31T17:49:14Z,2025-12-31T18:09:22Z,20,run/20251215-codex-extraction-pass1,c359bec,"Corrected p1→p96 scan note (unique trigram) and added p63→p96 as an alternate predecessor candidate for p96; verified pages OK."
2025-12-31,codex-cli,phase-6,tighten p100 bridge candidates (add p16),2025-12-31T18:21:10Z,2025-12-31T18:27:07Z,6,run/20251215-codex-extraction-pass1,df78ea4,"Added Page 16 as a low-weight bridge candidate for Page 100 based on corpus-unique n-grams; verified pages OK."
2025-12-31,codex-cli,phase-6,falsify v2 tail joins around p72,2025-12-31T18:48:35Z,2025-12-31T18:52:07Z,4,run/20251215-codex-extraction-pass1,87d6fea,"Recorded that p63→p72 and p72→p76 share no 3-grams or unique word anchors, supporting moving p72 out of the tail; verified pages OK."
2025-12-31,codex-cli,phase-6,falsify p51->p63 tail join,2025-12-31T18:53:00Z,2025-12-31T18:55:22Z,2,run/20251215-codex-extraction-pass1,8000763,"Added scan evidence that p51→p63 has no shared 3-grams or unique word anchors, keeping it as a pure placeholder; verified pages OK."
2025-12-31,codex-cli,phase-6,falsify p37->p38 tail join,2025-12-31T18:56:06Z,2025-12-31T18:57:27Z,1,run/20251215-codex-extraction-pass1,e50804d,"Added scan evidence that p37→p38 shares no 3-grams or unique word anchors, keeping it as a pure placeholder; verified pages OK."
2025-12-31,codex-cli,phase-6,audit tail joins p38->p40 and p40->p51,2025-12-31T18:58:38Z,2025-12-31T19:00:34Z,2,run/20251215-codex-extraction-pass1,289b631,"Recorded that p38→p40 has no shared phrase/unique-word anchors, while p40→p51 has a low-weight corpus-unique `calls` word echo; verified pages OK."
2025-12-31,codex-cli,phase-6,audit remaining v2 tail joins,2025-12-31T19:07:55Z,2025-12-31T19:11:32Z,4,run/20251215-codex-extraction-pass1,fac5685,"Added Phase 6 n-gram scan results for the remaining internal v2 tail joins, marking them as placeholders unless supported by independent anchors; verified pages OK."
2025-12-31,codex-cli,phase-6,strengthen p17<->p100 N01 merge,2025-12-31T19:17:00Z,2025-12-31T19:35:49Z,19,run/20251215-codex-extraction-pass1,942e521,"Confirmed three corpus-unique page-body anchors linking p17 and p100 and updated hypotheses/narrators accordingly; verified pages OK."
2025-12-31,codex-cli,phase-6,falsify p2<->p5 and p9<->p45 overlaps,2025-12-31T19:42:36Z,2025-12-31T19:52:26Z,10,run/20251215-codex-extraction-pass1,8219ce1,"Marked p2↔p5 and p9↔p45 n-gram overlaps as accidental (no second anchor) to reduce false stitch candidates; verified pages OK."
2025-12-31,codex-cli,phase-6,falsify p37<->p85 and p38<->p79 overlaps,2025-12-31T19:53:30Z,2025-12-31T19:55:54Z,2,run/20251215-codex-extraction-pass1,3134449,"Marked the p37↔p85 and p38↔p79 phrase overlaps as accidental (no second anchor) to reduce false stitch candidates; verified pages OK."
2025-12-31,codex-cli,phase-6,falsify p37<->p100 and p63<->p100 overlaps,2025-12-31T19:59:00Z,2025-12-31T20:08:57Z,10,run/20251215-codex-extraction-pass1,6ecdb18,"Falsified the p37↔p100 `believe me` and p63↔p100 `I cannot` overlaps as accidental (no second anchors) and updated hypotheses/narrators; verified pages OK."
2025-12-31,codex-cli,phase-6,falsify p4<->p100 and p79<->p100 overlaps,2025-12-31T20:50:54Z,2025-12-31T20:55:26Z,5,run/20251215-codex-extraction-pass1,dcfb9eb,"Falsified the p4↔p100 buttonhole and p79↔p100 Hamlet-quote overlaps as motif-only (no second anchors) and updated hypotheses/narrators; verified pages OK."
2025-12-31,codex-cli,phase-6,falsify p16<->p100 overlap,2025-12-31T20:55:27Z,2025-12-31T20:59:26Z,4,run/20251215-codex-extraction-pass1,bcffec8,"Falsified the p16↔p100 `of course and` / `henry he` n-gram overlap as accidental (no second anchors) and updated hypotheses plus p16 notes; verified pages OK."
2025-12-31,codex-cli,phase-6,audit p51<->p100 employer thread,2025-12-31T21:00:39Z,2025-12-31T21:02:26Z,2,run/20251215-codex-extraction-pass1,202bae3,"Recorded that p51↔p100 share only generic n-grams (no phrase-level continuity), so treat the employer/assignment framing as low-weight thematic only; verified pages OK."
2025-12-31,codex-cli,phase-6,tighten remaining p100 bridge candidates,2025-12-31T21:04:26Z,2025-12-31T21:08:33Z,4,run/20251215-codex-extraction-pass1,77c4206,"Tested p38/p84/p91 against p100 and downgraded each to place-only/thematic (no phrase-level continuity), updating hypotheses and page notes; verified pages OK."
2025-12-31,codex-cli,phase-6,falsify p49<->p72 overlap,2025-12-31T21:09:32Z,2025-12-31T21:12:39Z,3,run/20251215-codex-extraction-pass1,49b2915,"Marked the unique-but-generic `but it was pleasant to` overlap between p49 and p72 as accidental (no second anchor) and updated hypotheses/narrators/page notes; verified pages OK."
2025-12-31,codex-cli,phase-6,demote p76<->p98 overlap,2025-12-31T21:13:27Z,2025-12-31T21:16:47Z,3,run/20251215-codex-extraction-pass1,4e8b892,"Checked the p76↔p98 `I would have to think` echo and downgraded it to MAYBE due to lack of a second anchor; verified pages OK."
2025-12-31,codex-cli,phase-6,test p71<->p98 May overlap,2025-12-31T21:20:34Z,2025-12-31T21:23:43Z,3,run/20251215-codex-extraction-pass1,008cbf2,"Confirmed p71↔p98 share only the 4-gram `I thought of May` (no second anchor) and updated May-thread notes; verified pages OK."
2025-12-31,codex-cli,phase-6,tighten v11 + p40->p51 notes,2025-12-31T21:27:21Z,2025-12-31T21:29:21Z,2,run/20251215-codex-extraction-pass1,1726f00,"Updated Order/hypotheses to treat p40→p51 as placeholder and to downgrade v11 given the lack of a second anchor; verified pages OK."
2025-12-31,codex-cli,phase-6,consolidate v2.1 full order,2025-12-31T21:31:18Z,2025-12-31T21:51:16Z,20,run/20251215-codex-extraction-pass1,c6aa9ea,"Added a v2.1 full-order draft integrating the latest Phase 6 re-stitches (p96→p17, p77 into N12, p46 into N02, p100 into N01) and updated narrator assignments (p96 from N09 to N01); verified pages OK."
2025-12-31,codex-cli,phase-6,tighten full order v2.2,2025-12-31T21:56:05Z,2025-12-31T22:03:03Z,7,run/20251215-codex-extraction-pass1,e4b93b5,"Promoted the merged N25 run and enforced the N09 68→69→95→70 adjacency inside the full ordering draft (v2.2), updating narrator cross-references; verified pages OK."
2025-12-31,codex-cli,phase-6,validate N09/N25 joins,2025-12-31T22:04:51Z,2025-12-31T22:07:17Z,2,run/20251215-codex-extraction-pass1,ad964b1,"Re-read the N09 p69→p95 and N25 p34→p52 boundaries and reconciled notes so Sequence E is consistently treated as multi-anchor support at LIKELY; verified pages OK."
2025-12-31,codex-cli,phase-6,trial v2.3 N13 placement,2025-12-31T22:08:10Z,2025-12-31T22:11:24Z,3,run/20251215-codex-extraction-pass1,dc7e148,"Re-read p24 and p86/87 and promoted a v2.3 trial full-order draft placing the N13 Yeats/Caroline block (86→87) immediately after p24 to avoid the weak p91→p86 boundary; verified pages OK."
2025-12-31,codex-cli,phase-6,update v2.3 refs,2025-12-31T22:12:10Z,2025-12-31T22:13:12Z,1,run/20251215-codex-extraction-pass1,5c52b7f,"Updated Indexes/narrators cross-references to point at the current v2.3 full-order draft; verified pages OK."
2025-12-31,codex-cli,phase-6,falsify v2.3 block joins,2025-12-31T22:16:57Z,2025-12-31T22:28:52Z,12,run/20251215-codex-extraction-pass1,2a26002,"Added Phase 6 boundary tests for v2.3 joins (p24→p86 PASS; p87→p33 and p91→p4 UNCLEAR)."
2025-12-31,codex-cli,phase-6,note p91↔p78 tail extraction,2025-12-31T22:33:02Z,2025-12-31T22:34:23Z,1,run/20251215-codex-extraction-pass1,9db99bd,"Recorded multi-anchor p91↔p78 (handed+suave) as a candidate pull-out from the tail to replace the weak p91→p4 boundary."
2025-12-31,codex-cli,phase-6,promote v2.4 (pull p78 from tail),2025-12-31T22:36:45Z,2025-12-31T22:45:45Z,9,run/20251215-codex-extraction-pass1,2edec31,"Promoted v2.4 by extracting p78 from the tail to follow p91 (handed+suave bridge), and recorded new boundary tests; verified pages OK."
2025-12-31,codex-cli,phase-6,promote v2.5 (pull p63 from tail),2025-12-31T22:46:43Z,2025-12-31T22:53:45Z,7,run/20251215-codex-extraction-pass1,37abb36,"Promoted v2.5 by extracting p63 from the tail to follow p87 (coloured+putting bridge) and added boundary tests; verified pages OK."
2025-12-31,codex-cli,phase-6,promote v2.6 (pull p84 from tail),2025-12-31T22:57:42Z,2025-12-31T23:00:33Z,3,run/20251215-codex-extraction-pass1,15d87da,"Promoted v2.6 by extracting p84 from the tail to sit before p41 (catch+tawny+terribly bridge) and added boundary tests; verified pages OK."
2025-12-31,codex-cli,phase-6,promote v2.7 (p81->p6; p76->p98),2025-12-31T23:08:19Z,2025-12-31T23:22:02Z,14,run/20251215-codex-extraction-pass1,3b6a8d7,"Promoted v2.7 by pulling Page 81 from the tail to sit before Page 6 and strengthening the tail hinge to Page 98; verified pages OK."
2025-12-31,codex-cli,phase-6,promote v2.8 (pull p2 from tail),2025-12-31T23:28:43Z,2025-12-31T23:35:49Z,7,run/20251215-codex-extraction-pass1,8beaa57,"Promoted v2.8 by pulling Page 2 from the tail to follow Page 42 (figures+surmised bridge) and added boundary tests; verified pages OK."
2025-12-31,codex-cli,phase-6,promote v2.9 (p50->p47),2025-12-31T23:37:25Z,2025-12-31T23:48:45Z,11,run/20251215-codex-extraction-pass1,fd7ad64,"Promoted v2.9 by moving Page 47 to follow Page 50 (begin+straight+i always think bridge) and updated boundary tests; verified pages OK."
2026-01-01,codex-cli,phase-6,phase 6 tighten v2.10 (p28→p15),2026-01-01T08:27:23Z,2026-01-01T08:35:41Z,8,run/20251215-codex-extraction-pass1,6784515,"Promoted p28→p15 and updated narrators/boundary tests."
2026-01-01,codex-cli,phase-6,phase 6 progress review,2026-01-01T08:38:11Z,2026-01-01T08:41:15Z,3,run/20251215-codex-extraction-pass1,7b4206b,"Reviewed v2.10 boundary tests and murder/cast ledgers to identify remaining structural uncertainties."
2026-01-01,codex-cli,phase-6,phase 6 log remaining block boundaries,2026-01-01T08:48:34Z,2026-01-01T09:09:29Z,21,run/20251215-codex-extraction-pass1,29f40bd,"Added Phase 6 boundary-test entries for the previously unlogged v2.10 block boundaries (mostly placeholders) to make structural uncertainty explicit."
2026-01-01,codex-cli,phase-6,phase 6 select next tightening target,2026-01-01T09:16:29Z,2026-01-01T09:18:40Z,2,run/20251215-codex-extraction-pass1,559b89a,"Scanned tail/boundary pages for stronger anchors; tail entry p83→p9 remains unsupported."
2026-01-01,codex-cli,phase-2,phase 2 micro-pass: close open research items,2026-01-01T09:23:20Z,2026-01-01T09:46:54Z,24,run/20251215-codex-extraction-pass1,0a31cc0,"Resolved remaining open research_queue items (p9/p70/p74/p83), updated notes/indices, and verified pages OK."
2026-01-01,codex-cli,phase-6,phase 6 tighten p70/p83 boundary leads,2026-01-01T10:09:13Z,2026-01-01T10:34:59Z,26,run/20251215-codex-extraction-pass1,d93220a,"Added corpus-unique re-stitch leads for the p70→p14 and p83→p9 boundaries."
2026-01-01,codex-cli,phase-6,phase 6 note p9 stitch leads,2026-01-01T10:37:25Z,2026-01-01T10:37:54Z,0,run/20251215-codex-extraction-pass1,8072b4f,"Added df==2 token leads suggesting p9 may stitch via finger/assistant outside the tail."
2026-01-01,codex-cli,phase-6,phase 6 add df==2 re-stitch leads,2026-01-01T10:39:53Z,2026-01-01T11:12:02Z,32,run/20251215-codex-extraction-pass1,db5452d,"Added df==2 token scan re-stitch leads for five UNCLEAR block boundaries and committed Phase 6 hypothesis updates."
2026-01-01,codex-cli,phase-6,phase 6 tighten N07 internal lock,2026-01-01T11:13:48Z,2026-01-01T11:19:13Z,5,run/20251215-codex-extraction-pass1,60d49b6,"Added a Phase 6 n-gram uniqueness check strengthening the N07 p97→p93 internal link."
2026-01-01,codex-cli,phase-6,phase 6 tighten p83→p9 tail gate,2026-01-01T11:21:35Z,2026-01-01T11:26:44Z,5,run/20251215-codex-extraction-pass1,8221a6c,"Added phrase-level n-gram evidence disfavoring the p83→p9 boundary and pointing to alternative stitch leads (p74, p45)."
2026-01-01,codex-cli,phase-6,phase 6 tighten p70→p14 boundary,2026-01-01T11:26:44Z,2026-01-01T11:32:25Z,6,run/20251215-codex-extraction-pass1,ff9b92e,"Added a competing corpus-unique n-gram link for p14 (p1↔p14) to further demote the p70→p14 placeholder."
2026-01-01,codex-cli,phase-6,phase 6 falsify E02 old-man death,2026-01-01T11:34:15Z,2026-01-01T11:37:10Z,3,run/20251215-codex-extraction-pass1,e687a38,"Re-tested E02 by re-reading p68/p69 and cross-checking people IDs; kept P61 separate from the OGPU/Leningrad old man and left confidence unchanged."
2026-01-01,codex-cli,phase-6,phase 6 re-test p60→p91 join,2026-01-01T11:38:12Z,2026-01-01T11:39:29Z,1,run/20251215-codex-extraction-pass1,9effcec,"Re-read the p60→p91 boundary and confirmed only the single-word steps echo (plus high-noise Henry) with no scene/prop continuity."
2026-01-01,codex-cli,phase-6,phase 6 re-test p5→p49 join,2026-01-01T11:40:10Z,2026-01-01T11:41:16Z,1,run/20251215-codex-extraction-pass1,ec12958,"Re-read the p5→p49 boundary and found no continuity beyond the overloaded Henry name; left the join as a placeholder."
2026-01-01,codex-cli,phase-6,phase 6 check p7↔p96 n-gram noise,2026-01-01T11:43:21Z,2026-01-01T11:44:26Z,1,run/20251215-codex-extraction-pass1,6d41cd6,"Confirmed the p7↔p96 “in the morning. I had” 5-gram is an across-sentence coincidence and not usable as ordering evidence."
2026-01-01,codex-cli,phase-6,phase 6 check p31↔p21 overlap,2026-01-01T11:45:12Z,2026-01-01T11:45:57Z,1,run/20251215-codex-extraction-pass1,1843fb6,"Confirmed the unique phrase echo “to reckon with Henry” (p21/p31) has no second anchor and should remain low-weight (not a stitch driver)."
2026-01-01,codex-cli,phase-6,phase 6 tighten v2.11 tail gate and E09 test,2026-01-01T11:49:37Z,2026-01-01T12:12:24Z,23,run/20251215-codex-extraction-pass1,f2b6f01,"Updated v2.11 to restore p83->p2 tail gate, added join-gap boundary tests, and logged a Phase 6 check for the Page 100 collapse event."
2026-01-01,codex-cli,phase-6,phase 6 tighten tail and boundary joins,2026-01-01T12:14:46Z,2026-01-01T12:28:59Z,14,run/20251215-codex-extraction-pass1,03f6a8c,"Added Phase 6 re-stitch leads for p2/p9 and re-tested the p47→p66 and p78→p4 placeholder boundaries."
2026-01-01,codex-cli,phase-6,phase 6 tighten v2.13 tail + E18,2026-01-01T15:41:27Z,2026-01-01T16:03:36Z,22,run/20251215-codex-extraction-pass1,f1c6b10,"Promoted p2→p40 and p78→p18 successors in the draft order and clarified E18’s “Compact” means."
2026-01-01,codex-cli,phase-6,phase 6 tighten v2.14 + re-test E14,2026-01-01T16:48:37Z,2026-01-01T17:00:10Z,12,run/20251215-codex-extraction-pass1,fbfe874,"Moved p20 after p18 (blank-bridge) and re-checked the Trinder poison event (E14)."
2026-01-01,codex-cli,phase-6,phase 6 test p20->p4 boundary,2026-01-01T17:09:00Z,2026-01-01T17:26:38Z,18,run/20251215-codex-extraction-pass1,f640ebf127152de73262de02bf5768f853542ce5,"Recorded a Phase 6 boundary test showing p20->p4 is a pure placeholder and noted the unique \"if I mistook not\" echo as a re-stitch lead for p53."
2026-01-01,codex-cli,phase-6,phase 6 test p51->p9 tail join,2026-01-01T17:28:45Z,2026-01-01T17:32:34Z,4,run/20251215-codex-extraction-pass1,da312cf0bbfb74667d9618fdef1acdd9175ce48a,"Added a Phase 6 boundary test showing p51->p9 has no unique overlap and recorded df==2 re-stitch leads for both pages."
2026-01-01,codex-cli,phase-6,phase 6 tighten tail joins,2026-01-01T17:35:43Z,2026-01-01T17:51:00Z,15,run/20251215-codex-extraction-pass1,1ebb2440106a0df4e3a29df5b7ca5e7b93e81045,"Promoted p40→p51 as a multi-anchor travel continuation and added Phase 6 tests/leads for p16→p37, p38→p72, p63→p33, and p72→p76."
2026-01-01,codex-cli,phase-6,phase 6 re-stitch p37 out of tail (v2.15),2026-01-01T18:04:50Z,2026-01-01T18:25:43Z,21,run/20251215-codex-extraction-pass1,6659e1f,"Moved p37 between p55 and p84 and updated Block X tail tests."
2026-01-01,codex-cli,phase-6,phase 6 refine p5->p49 re-stitch leads,2026-01-01T18:27:31Z,2026-01-01T18:38:28Z,11,run/20251215-codex-extraction-pass1,6c20d46,"Expanded the p5→p49 boundary note with additional df==2 re-stitch leads via p58 and p21."
2026-01-01,codex-cli,phase-6,phase 6 df==2 n-gram scan p72/p76,2026-01-01T19:08:15Z,2026-01-01T19:27:24Z,19,run/20251215-codex-extraction-pass1,6b6d5d8,"Added df==2 n-gram re-stitch leads for p72/p76 and strengthened p76→p78 via the unique \"as Henry said\" anchor."
2026-01-01,codex-cli,phase-6,phase 6 tighten p9/p72 re-stitch leads,2026-01-01T20:21:48Z,2026-01-01T20:34:22Z,13,run/20251215-codex-extraction-pass1,e3b3c7f,"Refined the p9↔p45 phrase-echo note and strengthened the p72 re-stitch lead to p52 via multiple df==2 n-grams."
2026-01-01,codex-cli,phase-6,phase 6 v2.16 stitch p63->p38,2026-01-01T20:59:50Z,2026-01-01T21:18:53Z,19,run/20251215-codex-extraction-pass1,20b5f53,"Stitched p63→p38 via the unique \"dimples\" anchor and updated the tail block accordingly."
2026-01-01,codex-cli,phase-6,phase 6 add p16↔p44 re-stitch lead,2026-01-01T22:08:05Z,2026-01-01T22:14:50Z,7,run/20251215-codex-extraction-pass1,0a3baf6,"Recorded the unique \"back to Henry\" trigram as a re-stitch lead for p16 away from the tail."
2026-01-01,codex-cli,phase-6,phase 6 expand p38 successor leads,2026-01-01T22:16:02Z,2026-01-01T22:19:35Z,4,run/20251215-codex-extraction-pass1,9dba74f,"Expanded the p38→p33 placeholder note with stronger df==2 re-stitch leads for relocating p38."
2026-01-01,codex-cli,phase-6,phase 6 add p70↔p51 re-stitch lead,2026-01-01T22:22:49Z,2026-01-01T22:29:17Z,6,run/20251215-codex-extraction-pass1,1611cb2,"Added the unique 4-gram \"after all I was\" as a re-stitch lead for p70 away from p14."
2026-01-01,codex-cli,phase-6,phase 6 attempt upgrade p70→p51,2026-01-01T22:29:17Z,2026-01-01T22:35:30Z,6,run/20251215-codex-extraction-pass1,536d756,"Retroactive log for the p70→p51 second-anchor check; no second anchor found."
2026-01-01,codex-cli,phase-6,phase 6 recheck p70→p51 second anchor,2026-01-01T22:35:30Z,2026-01-01T22:42:24Z,7,run/20251215-codex-extraction-pass1,841eb91,"Re-ran n=2–6 df scans and confirmed p70/p51 share only the \"after all I was\" phrase family, so kept it as a low-weight re-stitch lead."
2026-01-01,codex-cli,phase-6,phase 6 refine E09 (p100) victim as P41,2026-01-01T22:44:19Z,2026-01-01T23:00:27Z,16,run/20251215-codex-extraction-pass1,4dd5f54,"Tied the Page 100 collapse event to P41 via N01 cross-anchors and updated cast/confidence ledgers."
2026-01-02,codex-cli,phase-6,phase 6 tighten E18 (p77) cross-page tests,2026-01-02T09:05:17Z,2026-01-02T09:12:46Z,7,run/20251215-codex-extraction-pass1,b3fbd61,"Confirmed p77 has no second anchor beyond its murder confession; recorded weak lexical echoes as non-stitches."
2026-01-02,codex-cli,phase-6,phase 6 falsify p81→p6 continuity,2026-01-02T10:16:03Z,2026-01-02T10:21:41Z,6,run/20251215-codex-extraction-pass1,42a1ad1,"Re-read p81/p6 boundary and marked the Speckled Band overlap as isolated allusion (no second continuity anchor)."
2026-01-02,codex-cli,phase-6,phase 6 link p9↔p29 mineralogist,2026-01-02T10:24:39Z,2026-01-02T10:40:35Z,16,run/20251215-codex-extraction-pass1,e96f092,"Linked Page 9’s mineralogy lecturer to the Page 29 old mineralogist (P35) and downgraded the p29↔p45 bridge to motif-only."
2026-01-02,codex-cli,phase-6,phase 6 test E02 anchor scans,2026-01-02T10:43:15Z,2026-01-02T10:48:04Z,5,run/20251215-codex-extraction-pass1,5bb25dc,"Scanned p68–p70 for low-df anchors and recorded no new identifier tying the slow-death victim to the infancy/knee antagonist."
2026-01-02,codex-cli,phase-6,phase 6 tighten p63→p38 join,2026-01-02T10:48:51Z,2026-01-02T10:57:26Z,9,run/20251215-codex-extraction-pass1,e47514d,"Re-read the p63→p38 boundary and downgraded it to a lexical-only re-stitch lead (no second continuity marker)."
2026-01-02,codex-cli,phase-6,phase 6 test p38↔p79 echo; re-test p70→p51,2026-01-02T11:10:31Z,2026-01-02T11:14:58Z,4,run/20251215-codex-extraction-pass1,0188908,"Logged p38↔p79 as accidental phrase echo and re-tested p70→p51; no second anchor found."
2026-01-02,codex-cli,phase-6,phase 6 test p38 successor candidates,2026-01-02T11:17:47Z,2026-01-02T11:21:56Z,4,run/20251215-codex-extraction-pass1,c131680,"Tested df==2-led successors for Page 38 and recorded no second continuity anchors; kept join placeholder."
2026-01-02,codex-cli,phase-6,phase 6 add p42→p38 re-stitch lead,2026-01-02T11:22:57Z,2026-01-02T11:30:58Z,8,run/20251215-codex-extraction-pass1,dff15ea,"Scanned Page 38 anchors and recorded the unique near-me bridge linking Page 42 to Page 38 as a competing successor lead."
2026-01-02,codex-cli,phase-6,phase 6 falsify p42→p1 join,2026-01-02T11:35:39Z,2026-01-02T11:43:32Z,8,run/20251215-codex-extraction-pass1,4523589,"Confirmed p42→p1 has no low-df overlap or continuity markers; kept as placeholder and noted stronger re-stitch leads."
2026-01-02,codex-cli,phase-6,phase 6 re-test p63↔p96 overlap,2026-01-02T11:46:05Z,2026-01-02T11:47:36Z,2,run/20251215-codex-extraction-pass1,931b9a1,"Re-scanned p63/p96 and confirmed only generic low-df n-grams; kept as weak echo pending a second anchor."
2026-01-02,codex-cli,phase-6,phase 6 compare p83→p2 vs p42→p2,2026-01-02T11:52:56Z,2026-01-02T11:59:41Z,7,run/20251215-codex-extraction-pass1,70cc32f,"Compared the competing predecessors for Page 2; downgraded p83→p2 to non-exclusive and logged p42→p2 as the top successor lead pending a second anchor."
2026-01-02,codex-cli,phase-6,phase 6 upgrade p2→p40,2026-01-02T12:02:07Z,2026-01-02T12:03:09Z,1,run/20251215-codex-extraction-pass1,e060f2a,"Re-read p2→p40 and upgraded it to LIKELY on combined worth-phrase and infectiousness theme continuity."
2026-01-02,codex-cli,phase-6,phase 6 re-test p40→p51 anchors,2026-01-02T12:04:32Z,2026-01-02T12:06:29Z,2,run/20251215-codex-extraction-pass1,6a4ac78,"Re-scanned p40/p51 overlap and confirmed only `calls` as df==2 token; kept join as MAYBE travel/voice continuity."
2026-01-02,codex-cli,phase-6,phase 6 promote p42→p2 join,2026-01-02T12:12:00Z,2026-01-02T12:29:56Z,18,run/20251215-codex-extraction-pass1,92a77a5,"Added p42→p2 as a primary re-stitch candidate and ruled out p51↔p98 beyond the df==2 word `purple`, reinforcing p76→p98 as the stronger hinge."
2026-01-02,codex-cli,phase-6,phase 6 re-test p42 successor candidates,2026-01-02T12:35:28Z,2026-01-02T12:41:11Z,6,run/20251215-codex-extraction-pass1,99d80a3,"Re-scanned p42 successor candidates; confirmed p42↔p47 has no low-df overlap and p83↔p2 shares only `flower`, keeping p42→p2 as the top re-stitch candidate."
2026-01-02,codex-cli,phase-6,phase 6 test p42↔p94 aware lead,2026-01-02T12:43:00Z,2026-01-02T12:44:27Z,1,run/20251215-codex-extraction-pass1,72814cd,"Tested p42↔p94 `aware` overlap and found no second anchor, so kept it as a low-weight re-stitch lead only."
2026-01-02,codex-cli,phase-6,phase 6 scan p83/p51 re-stitch leads,2026-01-02T13:09:31Z,2026-01-02T13:18:20Z,9,run/20251215-codex-extraction-pass1,ae6354c,"Expanded p83 successor leads and added a new p51↔p17 `my breast` lead while keeping p51→p9 as a placeholder."
2026-01-02,codex-cli,phase-6,phase 6 tighten p70/p51 p51/p9 p2 predecessor,2026-01-02T13:31:43Z,2026-01-02T13:51:45Z,20,run/20251215-codex-extraction-pass1,abed4fd,"Confirmed p70↔p51 and p51↔p9 have no df≤5 shared tokens and revised Page 2 predecessor ranking to prefer p42→p2 over p83→p2."
2026-01-02,codex-cli,phase-6,phase 6 tighten p83 successor and p83→p92 bridge,2026-01-02T18:10:45Z,2026-01-02T18:23:03Z,12,run/20251215-codex-extraction-pass1,710abd8,"Re-tested p83 successor leads and added a falsifiable p83→p92 placeholder bridge to support adopting p42→p2 without giving Page 2 two predecessors."
2026-01-02,codex-cli,phase-6,phase 6 tighten p54→p71 and add p83→p69 candidate,2026-01-02T18:40:17Z,2026-01-02T18:54:07Z,14,run/20251215-codex-extraction-pass1,825682b,"Upgraded p54→p71 confidence and added a p83→p69 tongue/moisture re-stitch candidate."
2026-01-02,codex-cli,phase-6,phase 6 df falsify p68→p69,2026-01-02T18:56:15Z,2026-01-02T18:59:19Z,3,run/20251215-codex-extraction-pass1,c04ee4b,"Added token-df evidence showing p68→p69 has no low-df overlap, so it remains a narrative-only hypothesis."
2026-01-02,codex-cli,phase-6,phase 6 reclassify p71 via p54→p71,2026-01-02T19:37:44Z,2026-01-02T19:42:25Z,5,run/20251215-codex-extraction-pass1,58bf160,"Moved Page 71 into N26 and removed it from N06 blocks to reflect the now-LIKELY p54→p71 successor tie."
2026-01-02,codex-cli,phase-6,phase 6 reassess p68 placement signals,2026-01-02T19:43:25Z,2026-01-02T19:50:25Z,7,run/20251215-codex-extraction-pass1,94daea3,"Documented p68↔p74 `distracted` overlap as a competing re-stitch direction and downgraded the v2.16 N09 block confidence."
2026-01-02,codex-cli,phase-6,phase 6 update v2.16 to reflect p42→p2→p40,2026-01-02T19:55:48Z,2026-01-02T19:56:45Z,1,run/20251215-codex-extraction-pass1,58552bc,"Inserted a bridge block so the v2.16 full-order draft now runs p92→p42→p2→p40 (and carries p51 with it), removing those pages from the tail."
2026-01-02,codex-cli,phase-6,phase 6 align v2.16 with p83→p92 trial gate,2026-01-02T19:57:56Z,2026-01-02T19:59:44Z,2,run/20251215-codex-extraction-pass1,32b84f5,"Moved the N06 block to precede the N21 block in the v2.16 full-order draft so Page 83 can feed into Page 92 (placeholder) instead of the rejected p83→p9 tail gate."
2026-01-02,codex-cli,phase-6,phase 6 add boundary tests p47→p9 and p51→p1,2026-01-02T20:04:05Z,2026-01-02T20:17:51Z,14,run/20251215-codex-extraction-pass1,095333a,"Added Phase 6 boundary-test entries for current v2.16 joins and corrected stale v2.16 tail references."
2026-01-02,codex-cli,phase-6,phase 6 upgrade p83→p92 with Browning anchor,2026-01-02T20:20:18Z,2026-01-02T20:22:32Z,2,run/20251215-codex-extraction-pass1,fdf38f5,"Upgraded the v2.16 Page 83→92 gate by adding a Browning quotation continuity anchor (Ghent → Saul) alongside the unique `dew` link."
2026-01-02,codex-cli,phase-6,phase 6 test p47 successor candidates,2026-01-02T20:27:16Z,2026-01-02T20:35:28Z,8,run/20251215-codex-extraction-pass1,fb11933,"Added a new p47→p76 re-stitch candidate based on a corpus-unique “opposite me” phrase-level anchor."
2026-01-02,codex-cli,phase-6,phase 6 test p51 successor candidates,2026-01-02T20:36:56Z,2026-01-02T20:38:40Z,2,run/20251215-codex-extraction-pass1,1fe251a,"Added a p51→p17 re-stitch candidate (unique `my breast` bigram) as a stronger alternative to the v2.16 p51→p1 placeholder."
2026-01-02,codex-cli,phase-6,phase 6 tighten p70→p14 anchor,2026-01-02T20:39:29Z,2026-01-02T20:40:57Z,1,run/20251215-codex-extraction-pass1,c5225d9,"Confirmed the corpus-unique bigram `fragments of` for p70↔p14 and updated the join entry accordingly."
2026-01-02,codex-cli,phase-6,phase 6 rank tail-page neighbor candidates,2026-01-02T20:41:48Z,2026-01-02T20:43:42Z,2,run/20251215-codex-extraction-pass1,65892ec,"Ranked tail pages for low-df overlaps and added p72→p49 as a strong phrase-level re-stitch candidate."
2026-01-02,codex-cli,phase-6,phase 6 adopt p72→p49 into v2.17,2026-01-02T20:44:58Z,2026-01-02T20:49:18Z,4,run/20251215-codex-extraction-pass1,2543b7e,"Moved Page 72 to precede Page 49 in the v2.17 full-order draft and updated boundary-test entries for the affected joins."
2026-01-02,codex-cli,phase-6,phase 6 reassess p16 tail placement,2026-01-02T20:49:56Z,2026-01-02T20:53:09Z,3,run/20251215-codex-extraction-pass1,c9f8032,"Confirmed p16→p76 is a pure placeholder and added p44→p16 as the strongest re-stitch candidate via the unique `back to henry` trigram."
2026-01-02,codex-cli,phase-6,phase 6 tightening joins,2026-01-02T21:00:41Z,2026-01-02T21:14:48Z,14,run/20251215-codex-extraction-pass1,1e2d1a5,"Re-read tail placeholder joins and recorded outcomes."
2026-01-02,codex-cli,phase-6,phase 6 tightening joins,2026-01-02T21:21:21Z,2026-01-02T21:49:18Z,28,run/20251215-codex-extraction-pass1,352e3a8,"Upgraded p76→p98 and added competing anchors for remaining weak boundaries."
2026-01-02,codex-cli,phase-6,phase 6 tightening: p98/tail/p1,2026-01-02T21:57:48Z,2026-01-02T22:27:35Z,30,run/20251215-codex-extraction-pass1,33baae6,"Corrected p18→p98 evidence, strengthened the p16 re-stitch lead, and moved p1 out of the p51→p1 placeholder in v2.17."
2026-01-02,codex-cli,phase-6,phase 6 falsify new boundaries,2026-01-02T22:50:43Z,2026-01-02T23:02:52Z,12,run/20251215-codex-extraction-pass1,01f0ee1,"Falsified p51→p96, assessed p70→p1 as placeholder, and added p96→p1 as an alternative lead."
2026-01-02,codex-cli,phase-6,phase 6 tighten: p51 successor scan,2026-01-02T23:05:45Z,2026-01-02T23:26:47Z,21,run/20251215-codex-extraction-pass1,d1f3826,"Extended Page 51 successor scan notes in Order/hypotheses.md."
2026-01-02,codex-cli,phase-6,phase 6 tighten: replace p70→p1,2026-01-02T23:32:15Z,2026-01-02T23:46:38Z,14,run/20251215-codex-extraction-pass1,d5ee2cd,"Adopted p70→p96 and p72→p1 in v2.18 and updated boundary tests."
2026-01-02,codex-cli,phase-6,phase 6 tighten: p100→p72 + v2.18 scan,2026-01-02T23:51:12Z,2026-01-03T00:21:22Z,30,run/20251215-codex-extraction-pass1,330bb9b,"Added p100→p72 boundary test, aligned segment list, and flagged tail joins as top falsification risk."
2026-01-03,codex-cli,phase-6,phase 6 tighten: v2.19 joins + p70→p51,2026-01-03T08:36:05Z,2026-01-03T08:54:41Z,19,run/20251215-codex-extraction-pass1,4278b6c,"Moved p16 into N08 for v2.19, logged join outcomes for the new tail/N08 adjacencies, and rechecked p70→p51."
2026-01-03,codex-cli,phase-6,phase 6 tighten: v2.20 p9 rehome + tail,2026-01-03T09:03:13Z,2026-01-03T09:20:40Z,17,run/20251215-codex-extraction-pass1,e5f940a,"Falsified p9→p76, rehomed p9 behind p89, and adopted tail p47→p76→p98 in v2.20."
2026-01-03,codex-cli,phase-6,phase 6 falsify: p51→p62 boundary,2026-01-03T09:24:56Z,2026-01-03T09:28:40Z,4,run/20251215-codex-extraction-pass1,aa7e4d5,"Logged p51→p62 as a high-risk placeholder join and updated the v2.20 scan priorities."
2026-01-03,codex-cli,phase-6,phase 6 falsify: p9→p64 boundary,2026-01-03T10:20:01Z,2026-01-03T10:42:34Z,23,run/20251215-codex-extraction-pass1,70a4726,"Added df==2 token/ngram scan results for p9→p64 and logged re-stitch leads."
2026-01-03,codex-cli,phase-6,phase 6 tighten: v2.21 p64/p61 into N02 tail,2026-01-03T10:48:33Z,2026-01-03T10:58:31Z,10,run/20251215-codex-extraction-pass1,d4c0105,"Moved p64/p61 into the dog-run tail, updated v2.21 order, and logged new boundary tests for p9→p25 and p25→p22."
2026-01-03,codex-cli,phase-6,phase 6 tighten: zero-anchor replacement leads,2026-01-03T11:33:47Z,2026-01-03T11:55:15Z,21,run/20251215-codex-extraction-pass1,35c3390,"Added df==2 replacement leads for p25→p22, p51→p62, and p46→p68."
2026-01-03,codex-cli,phase-6,phase 6 tighten: v2.22 dog gate re-stitch,2026-01-03T12:09:14Z,2026-01-03T12:15:43Z,6,run/20251215-codex-extraction-pass1,a841de8,"Adopted v2.22 by moving Block S after p89, rehoming p9/p25 after p38, and updating join outcomes."
2026-01-03,codex-cli,phase-6,phase 6 tighten: v2.23 p75 bridge,2026-01-03T12:21:31Z,2026-01-03T12:25:13Z,4,run/20251215-codex-extraction-pass1,6edfcf6,"Moved p75 to bridge p51→p62 and updated scan/join ledger for v2.23."
2026-01-03,codex-cli,phase-6,phase 6 tighten: boundary ledger updates,2026-01-03T12:27:03Z,2026-01-03T12:51:18Z,24,run/20251215-codex-extraction-pass1,b4a288e,"Updated boundary joins (p5→p49, p31→p7, p71→p66, p46→p68) and logged a non-lexical second anchor for p70→p51."
2026-01-03,codex-cli,phase-6,phase 6 tighten: test N06 predecessors,2026-01-03T13:35:40Z,2026-01-03T13:37:27Z,2,run/20251215-codex-extraction-pass1,34852fa,"Logged candidate N06 predecessor joins p33→p66 (sorrow) and p31→p66 (lose) with falsifiers."
2026-01-03,codex-cli,phase-6,phase 6 tighten: p71 successor leads,2026-01-03T13:39:24Z,2026-01-03T13:40:39Z,1,run/20251215-codex-extraction-pass1,d751a28,"Added candidate successor joins for p71 (to replace p71→p66) and recorded outcomes/falsifiers."
2026-01-03,codex-cli,phase-6,phase 6 tighten: p71->p66 vision anchor test,2026-01-03T13:43:49Z,2026-01-03T13:55:23Z,12,run/20251215-codex-extraction-pass1,db1e4fa,"Added a non-lexical eye/vision continuity test to the p71→p66 join ledger entry."
2026-01-03,codex-cli,phase-6,phase 6 tighten: add p53->p25 join candidate,2026-01-03T13:59:59Z,2026-01-03T14:01:12Z,1,run/20251215-codex-extraction-pass1,b61296b,"Added a p53→p25 join candidate based on the corpus-unique phrase \"if i mistook not\"."
